111,2003,0.40079,0.034778,120.64,4.4581,86,5,0.05217,0.047998,0.086028,0.05382,0.021077,0.0094624,0.043628,0.087309,0.03533,0.029906,0.0087642,0,0.035657,0.024069,0.026544,0.030303,0.015102,0.26767,0.27632,0.090612,0.14525,0.011536,0.042683,0.03049,0.026,0.14402,0.28736,0,0.035918,0.038397,0.04765,0.18154,36.986,31.358,0.17686,21.893,147.81,145.97,10.278,0.025405,11.13,16.152,133.89,0,1.6993,6.7242,6.2686,147.13,0
144,1784,0.8312,0.0017339,33.844,14.857,79,11,0.040697,0.062581,0.078661,0.017894,0.036825,0.019481,0.062629,0.079287,0.050384,0.037851,0.0087642,0,0.03189,0.029004,0.018038,0.018615,0.10717,0.15628,0.21407,0.090684,0.35245,0.033929,0.3412,0.042381,0.04432,0.0032442,0.28736,0,0.0098833,0.000631,0.043746,0.18325,49.145,18.12,4.474,22.832,110.43,139.28,39.902,9.4962,4.7465,8.3437,133.89,0,5.554,20.081,7.0012,166.26,0
143,1962,0.59847,0.0085622,148.4,33.324,91,19,0.021328,0.0028481,0.049583,0.0047055,0.0003109,0.024086,0.068622,0.12174,0.072962,0.062215,0.0037963,0,0.05607,0.015194,0.018316,0.033593,0.13378,0.39591,0.16344,0.080994,0.70512,0.030728,0.32326,0.093751,0.038273,0.17031,0.022308,0,0.03006,0.0076798,0.09567,0.14049,47.71,11.417,5.9497,11.006,92.172,141.78,47.453,7.2295,10.69,3.3868,14.548,0,2.2002,16.765,12.05,152.09,0
544,3084,1.7244,0.030156,149.66,86.013,77,46,0.050211,0.08061,0.042686,0.05136,0.008202,0.10443,0.046558,0.19464,0.1187,0.068506,0.0011452,0,0.051637,0.01645,0.029942,0.047802,0.1854,0.10132,0.27163,0.038332,0.41544,0.14929,0.33875,0.058838,0.18895,0.062014,0.062971,0,0.053962,0.037962,0.27838,0.11237,51.134,26.486,13.934,19.578,49.149,83.179,49.776,5.4408,17.543,14.278,20.624,0,2.3637,13.588,12.807,134.42,0
173,2013,0.40571,0.0046186,122.63,45.643,78,3,0.064564,0.038137,0.052343,0.040977,0.0037791,0,0.055788,0.094983,0.069838,0.029031,0.0087642,0,0.055587,0.0033266,0.0072685,0.019759,0.01682,0.20766,0.19642,0.068273,0.033928,0,0.020254,0.016222,0.033455,0.060263,0.28736,0,0.063527,0.035927,0.22996,0.18076,28.443,36.674,10.37,23.256,6.6527,0,23.467,0.23434,6.946,17.693,133.89,0,3.1901,10.976,3.5235,158.55,0
112,1809,0.42393,0.041074,104.12,20.277,87,19,0.019412,0.059426,0.078975,0.031943,0.021866,0.0080537,0.061687,0.12481,0.027063,0.0085136,0.0087642,0,0.061881,0.024365,0.0085631,0.0022371,0.0804,0.21959,0.19912,0.077672,0.65242,0.08153,0.25941,0.049539,0.048358,0.18227,0.28736,0,0.14339,0.16768,0.073905,0.24793,38.459,8.8972,0.85538,25.353,103.92,147.16,36.115,4.0111,22.36,17.338,133.89,0,10.143,9.3974,2.3281,154.8,0
163,1826,0.99474,0.0096341,113.58,23.383,85,33,0.033736,0.051164,0.080099,0.043292,0.025053,0.041026,0.061447,0.1827,0.062831,0.023618,0.0087642,0,0.030257,0.09695,0.0020924,0.0064738,0.095648,0.1951,0.33612,0.043991,0.73795,0.64689,0.31157,0.060322,0.06058,0.064855,0.28736,0,0.16507,0.091585,0.00033297,0.22142,50.449,37.408,7.4293,20.703,143.25,21.283,34.055,8.0357,13.585,10.72,133.89,0,3.3835,23.305,7.1618,169.41,0
11,1583,0.20442,0.039994,83.503,44.125,76,15,0.050495,0.052744,0.046771,0.047553,0.019101,0,0.03305,0.11762,0.048137,0.0098895,0.0087642,0,0.015922,0.031838,0.0029971,0.023422,0.145,0.078534,0.24062,0.081745,0.4363,0,0.34501,0.044117,0.099657,0.1728,0.28736,0,0.054539,0.049951,0.23363,0.20025,48.714,38.2,5.235,23.53,138.89,0,41.807,11.824,25.341,9.3368,133.89,0,1.1006,18.119,4.9863,153.12,0
215,2246,0.95403,0.0040589,129.45,85.131,96,15,0.019777,0.048588,0.073409,0.067003,0.027045,0.08339,0.091988,0.2122,0.061483,0.050879,0.023635,0,0.025787,0.12034,0.0091316,0,0.033716,0.21941,0.26968,0.020686,0.72919,0.11838,0.2216,0.043127,0.21663,0.029269,0.0020969,0,0.17616,0.34014,0.0051892,0,43.049,37.063,5.1664,21.208,140.19,76.104,19.961,10.435,8.0183,9.4317,3.6682,0,7.1119,8.5227,2.6558,0,0
396,2641,0.95983,0.0036352,113.02,66.404,89,31,0.054536,0.070276,0.077199,0.059139,0.010339,0.027701,0.093948,0.12302,0.046586,0.064118,0.00093333,0,0.070713,0.020597,0.0084808,0.028928,0.023158,0.2195,0.29105,0.042388,0.28586,0.03913,0.059889,0.0029399,0.13548,0.0056948,0.015998,0,0.035368,0.032703,0.34293,0.15251,36.857,30.776,4.1136,19.104,153.48,84.746,6.4909,4.7733,14.166,15.605,7.2975,0,5.2004,4.623,3.4001,152.83,0
77,2084,0.16082,0.014722,92.805,8.1393,88,9,0.017354,0.0029832,0.070899,0.050192,0.0038928,0,0.081184,0.109,0.063365,0.047311,0.0048469,0,0.053254,0.011654,0.016029,0.035721,0.0093619,0.3493,0.11293,0.15037,0.057018,0,0.13237,0.012659,0.13185,0.019241,0.0040874,0,0.0080021,0.0037725,0.16002,0.15484,27.041,39.821,11.907,27.708,16.404,0,19.745,6.1453,10.161,25.424,5.5072,0,0.49338,7.2792,8.3233,138.29,0
6,1554,0.51466,0.0047457,33.823,9.9642,73,7,0.013131,0.046063,0.075083,0.059729,0.00027298,0,0.041139,0.10253,0.036502,0.043083,0.0073849,0,0.048901,0.052211,0.0097869,0,0.071103,0.32488,0.18239,0.085693,0.14466,0,0.092091,0.10288,0.098687,0.16865,0.027556,0,0.022489,0.11885,0.14198,0,49.312,15.301,11.637,27.245,154.73,0,3.3347,17.402,4.5086,23.764,2.3165,0,5.2619,1.2644,7.8116,0,0
134,1691,0.43178,0.022815,103.81,9.3077,72,6,0.029892,0.026748,0.066934,0.0079089,0.014646,0.0039542,0.075837,0.13178,0.059311,0.0047131,0.002354,0,0.045522,0.01809,0.026243,0.029107,0.12882,0.3011,0.23293,0.0034568,0.020936,0.017578,0.21776,0.046657,0.026317,0.13298,0.0082822,0,0.0046295,0.036927,0.41174,0.17667,48.447,33.281,1.4432,26.083,13.892,92.22,37.627,4.0717,11.293,15.712,10.003,0,2.6378,12.979,10.695,144.85,0
295,2404,0.71541,0.0083811,105.97,24.415,66,27,0.02519,0.031296,0.099077,0.061636,0.0094573,0.031667,0.077808,0.13883,0.067766,0.064286,0.026645,0,0.036344,0.028996,0.035918,0.025962,0.16993,0.29277,0.2231,0.03542,0.54051,0.042779,0.31451,0.03267,0.13404,0.058203,0.082727,0,0.02601,0.0044179,0.015911,0.13436,60.531,30.835,11.162,21.821,152.74,139.94,24.216,1.2995,11.512,8.0319,29.637,0,1.7752,18.108,19.808,142.36,0
197,1518,0.54952,0.013127,68.25,4.5759,65,20,0.025908,0.057319,0.049927,0.035615,0.0035161,0.0083333,0.065687,0.084725,0.040635,0.032811,0.0033856,0,0.021442,0.014305,0.031792,0.019008,0.092355,0.15209,0.25621,0.016738,0.35246,0.0089146,0.089586,0.075456,0.079845,0.087306,0.014605,0,0.035644,0.01849,0.23904,0.17739,46.518,36.526,1.3918,17.366,106.54,154.55,21.218,21.788,1.9192,13.97,1.8467,0,6.0374,14.123,14.469,149.15,0
160,1920,0.89989,0.0029988,68.168,15.409,79,21,0.016077,0.060128,0.043946,0.024004,0.022458,0.015653,0.075936,0.12559,0.066432,0.016111,0.0091212,0,0.024738,0.0034264,0.02599,0.03087,0.090616,0.14887,0.20982,0.035303,0.41591,0.046362,0.30776,0.010908,0.15988,0.056227,0.0014718,0,0.038385,0.027436,0.46492,0.16367,49.886,26.17,16.015,19.386,113.97,145.09,22.527,0.019256,14.348,17.111,2.8693,0,1.5581,8.761,8.2987,139.79,0
98,1352,0.16029,0.067256,44.753,8.7468,76,14,0.0064844,0.037484,0.07237,0.041511,0.0038703,0.013057,0.09964,0.11965,0.013337,0.019647,0.007332,0,0.01537,0.0094623,0.02401,0.031535,0.016188,0.21113,0.23895,0.023232,0.64638,0.011452,0.13293,0.0028874,0.043406,0.080123,0.09714,0,0.10855,0.055909,0.22768,0.18596,49.554,37.085,2.949,15.789,161.44,131.13,7.4892,11.741,2.504,3.9678,3.946,0,3.0736,8.9883,6.6085,134.3,0
173,1722,0.98345,0.0043778,22.626,2.5271,76,11,0.0049521,0.055067,0.055625,0.035262,0.0040843,0.0049261,0.084595,0.15205,0.0013525,0.040531,0.0024784,0,0.034055,0.028301,0.017821,0.021753,0.013828,0.33723,0.33795,0.16232,0.058931,0.013828,0.083801,0.0041362,0.17153,0.015114,0.007029,0,0.012947,0.044102,0.2426,0.17181,35.732,15.918,9.8687,4.6145,162.7,69.147,13.851,5.2239,17.557,9.3302,5.0381,0,1.2619,12.383,7.3757,153.11,0
165,1812,0.67714,0.010303,48.128,6.3389,75,25,0.036765,0.047619,0.045984,0.058863,0.0011922,0.0044494,0.073491,0.12298,0.042393,0.046647,0.0087642,0,0.014318,0.0049744,0.017457,0.024705,0.00048324,0.24966,0.28567,0.0048627,0.40917,0.0085464,0.035282,0.023263,0.1645,0.018981,0.28736,0,0.064583,0.009264,0.25925,0.1651,46.709,33.362,1.2351,19.018,158.58,151.16,5.6522,15.942,19.339,8.2253,133.89,0,0.58795,14.825,7.1694,153.46,0
371,2184,0.7591,0.0022172,56.035,38.719,75,7,0.017003,0.05768,0.079816,0.013421,0.015693,0.011333,0.12095,0.10546,0.043594,0.032102,0.023128,0,0.025258,0.012347,0.028163,0.037368,0.043562,0.033609,0.24553,0.048421,0.064526,0.012296,0.17744,0.0056082,0.13488,0.083691,0.054674,0,0.039797,0.018911,0.20815,0.14837,47.341,45.253,5.2498,23.236,31.834,141.5,22.588,3.6957,8.6723,17.643,26.983,0,4.1727,7.0662,6.2137,138.66,0
358,2260,0.96053,0.021125,22.461,53.378,77,15,0.010645,0.079051,0.080354,0.01257,0.036541,0.026786,0.12602,0.1097,0.084583,0.015692,0.048831,0.0083877,0.026984,0.026272,0.013975,0.01875,0.016519,0.16219,0.1601,0.070007,0.035736,0.022308,0.20507,0.066712,0.06324,0.025391,0.14464,0.26908,0.010425,0.035399,0.11189,0.18048,43.069,32.921,13.172,19.749,16.736,136.44,32.635,22.18,5.9806,14.148,44.585,138.51,0.68724,16.489,3.8048,156.95,0
394,2602,0.69249,4.89E-05,94.578,43.416,65,35,0.036968,0.089812,0.076795,0.067997,0.0016628,0.0039788,0.11492,0.11174,0.080813,0.039462,0.0053737,0,0.036504,0.00081169,0.013161,0.020673,0.15246,0.10187,0.26244,0.0028373,0.099554,0.0072849,0.0064501,0.081535,0.16746,0.014092,0.015913,0,0.038253,0.022666,0.076145,0.19458,50.877,38.446,7.2311,23.153,105.32,153.89,7.0131,20.45,4.5997,12.92,6.3095,0,0.56507,6.8189,4.7537,154.63,0
333,2226,1.3591,0.056699,128.55,28.361,33,4,0.0684,0.056462,0.086626,0.069398,0.019061,0.0094624,0.029426,0.089915,0.027656,0.027102,0,0,0.056437,0.040192,0.020394,0.030303,0.08377,0.10607,0.42011,0.16442,0.18385,0.011536,0.14724,0.017104,0.082086,0.094704,0,0,0.097939,0.068815,0.14196,0.18154,24.451,85.514,11.172,0.89112,128.62,145.97,40.45,6.6292,1.9879,15.2,0,0,0.55598,1.4904,11.811,147.13,0
366,2007,1.7895,0.089744,41.756,38.761,26,2,0.056928,0.071045,0.079259,0.033472,0.034809,0.019481,0.048428,0.081892,0.04271,0.035047,0,0,0.052671,0.012881,0.011887,0.018615,0.0083021,0.21747,0.35786,0.16434,0.39105,0.033929,0.15128,0.0052131,0.011767,0.24196,0,0,0.14374,0.10658,0.13806,0.18325,36.61,72.276,6.8753,1.8299,91.243,139.28,10.826,2.8924,4.3957,7.3913,0,0,6.6973,11.866,12.544,166.26,0
365,2185,1.5568,0.10004,156.31,57.227,38,10,0.037558,0.011313,0.050181,0.020284,0.0017053,0.024086,0.05442,0.12434,0.065289,0.059411,0.0049679,0,0.07685,0.00092934,0.012166,0.033593,0.034911,0.022158,0.30722,0.33602,0.74372,0.030728,0.13334,0.14135,0.094359,0.40903,0.26506,0,0.16392,0.11489,0.18998,0.14049,35.175,42.739,5.3995,9.996,72.984,141.78,3.2752,13.833,1.5478,2.4344,148.44,0,3.3435,8.5501,17.592,152.09,0
766,3307,2.6827,0.12163,157.57,109.92,24,37,0.066441,0.089075,0.043284,0.066938,0.0061858,0.10443,0.032356,0.19725,0.11103,0.065702,0.007619,0,0.072417,0.00032721,0.023792,0.047802,0.086532,0.27243,0.41541,0.29336,0.45404,0.14929,0.14883,0.10643,0.24504,0.30073,0.22439,0,0.18782,0.14517,0.18407,0.11237,38.599,80.642,2.5846,1.4236,29.961,83.179,0.95193,12.045,8.4012,13.325,154.52,0,1.2204,5.3737,18.35,134.42,0
395,2236,1.3641,0.086859,130.54,69.547,25,6,0.080794,0.046601,0.052941,0.056555,0.001763,0,0.041586,0.097589,0.062165,0.026227,0,0,0.076367,0.01945,0.0011183,0.019759,0.082053,0.16608,0.34021,0.18675,0.004674,0,0.16966,0.063816,0.089541,0.17846,0,0,0.19738,0.14314,0.32427,0.18076,15.908,90.83,0.97968,2.2538,12.535,0,27.261,6.3695,2.1962,16.74,0,0,4.3333,2.7616,9.0659,158.55,0
334,2032,1.3823,0.050403,112.03,44.181,34,10,0.035642,0.06789,0.079573,0.047521,0.01985,0.0080537,0.047485,0.12741,0.019389,0.0057095,0,0,0.082661,0.0082424,0.014713,0.0022371,0.018472,0.15416,0.34291,0.17735,0.69102,0.08153,0.069494,0.097132,0.10444,0.056454,0,0,0.0095349,0.060464,0.020409,0.24793,25.924,63.053,10.494,4.3511,84.734,147.16,14.613,10.615,13.218,16.386,0,0,8.9996,17.612,3.2143,154.8,0
385,2049,1.9531,0.081843,121.49,47.286,32,24,0.049966,0.059628,0.080696,0.05887,0.023037,0.041026,0.047246,0.18531,0.055157,0.020814,0,0,0.051037,0.080827,0.0082425,0.0064738,0.0032237,0.17865,0.47991,0.29902,0.77655,0.64689,0.12165,0.10792,0.11667,0.17387,0,0,0.031216,0.015626,0.094647,0.22142,37.914,91.564,18.779,0.29844,124.06,21.283,16.673,14.639,4.4431,9.7672,0,0,2.2402,15.09,1.6194,169.41,0
233,1806,1.1628,0.051483,91.415,68.028,23,6,0.066725,0.061208,0.047368,0.063131,0.017085,0,0.018848,0.12022,0.040463,0.0070855,0,0,0.036702,0.015715,0.003153,0.023422,0.04613,0.29521,0.38441,0.17328,0.4749,0,0.15509,0.0034764,0.15574,0.065922,0,0,0.079318,0.057261,0.32794,0.20025,36.179,92.356,6.1143,2.5283,119.71,0,8.921,5.22,16.199,8.3844,0,0,2.2439,9.9049,0.55612,153.12,0
437,2469,1.9124,0.087419,137.36,109.03,43,6,0.036007,0.057053,0.074007,0.082581,0.025029,0.08339,0.077786,0.21481,0.053809,0.048075,0.032399,0,0.046567,0.10421,0.015282,0,0.13259,0.15434,0.41347,0.23434,0.7678,0.11838,0.03168,0.0044667,0.27272,0.26799,0.28527,0,0.042305,0.23293,0.089125,0,30.514,91.219,6.1828,0.20594,121,76.104,30.767,3.8314,1.1238,8.4793,137.56,0,5.9686,16.737,2.8866,0,0
618,2864,1.9182,0.095113,120.93,90.307,36,22,0.070766,0.07874,0.077797,0.074717,0.0083226,0.027701,0.079747,0.12563,0.038912,0.061314,0.0096976,0,0.091493,0.0044739,0.0023307,0.028928,0.075714,0.15425,0.43483,0.29742,0.32446,0.03913,0.13003,0.044654,0.19157,0.23302,0.27137,0,0.09849,0.074509,0.43724,0.15251,24.322,84.932,15.463,1.8983,134.29,84.746,44.237,1.8305,5.0244,14.653,141.19,0,4.0571,3.5916,8.9425,152.83,0
299,2307,1.1192,0.076755,100.72,32.043,35,0,0.033585,0.011448,0.071497,0.06577,0.0059089,0,0.066983,0.11161,0.055691,0.044507,0.0039174,0,0.074034,0.027777,0.009879,0.035721,0.10823,0.024452,0.25671,0.10465,0.018416,0,0.057544,0.034935,0.18794,0.21948,0.28328,0,0.14186,0.11098,0.25434,0.15484,14.506,93.977,0.5578,6.7066,2.7831,0,30.983,0.45851,1.0193,24.471,139.4,0,1.6367,0.93541,13.866,138.29,0
228,1777,1.473,0.086732,25.911,13.939,20,2,0.029361,0.054527,0.07568,0.075307,0.0017432,0,0.026937,0.10514,0.028829,0.040279,0.0013793,0,0.069681,0.036088,0.015937,0,0.027769,0.048869,0.32617,0.16933,0.18326,0,0.28201,0.055285,0.15477,0.070067,0.31492,0,0.15635,0.01164,0.2363,0,36.777,69.457,0.28752,6.243,135.54,0,54.063,10.798,4.6335,22.812,131.58,0,4.1187,6.9502,2.2692,0,0
356,1914,1.3901,0.068662,111.73,33.211,19,3,0.046122,0.035213,0.067531,0.023487,0.01263,0.0039542,0.061636,0.13438,0.051637,0.001909,0.0064103,0,0.066302,0.0019669,0.020093,0.029107,0.029943,0.072646,0.37672,0.25157,0.017666,0.017578,0.02784,0.094251,0.082404,0.10574,0.29565,0,0.12923,0.070285,0.50605,0.17667,35.912,87.437,9.9061,5.0815,5.2953,92.22,13.101,2.5321,2.1507,14.76,143.9,0,3.7811,4.7648,16.237,144.85,0
517,2627,1.6738,0.099858,113.88,48.318,13,18,0.04142,0.03976,0.099674,0.077214,0.0074412,0.031667,0.063606,0.14144,0.060092,0.061482,0.035409,0,0.057124,0.012873,0.029767,0.025962,0.071053,0.080974,0.36688,0.21961,0.57911,0.042779,0.12459,0.080264,0.19013,0.29692,0.37009,0,0.10785,0.10279,0.078403,0.13436,47.996,84.991,0.18676,0.8188,133.55,139.94,26.512,7.9033,20.654,7.0795,104.26,0,2.9185,9.8939,25.35,142.36,0
419,1741,1.5079,0.078351,76.161,28.479,12,11,0.042138,0.065784,0.050525,0.051193,0.0055323,0.0083333,0.051485,0.087331,0.032962,0.030007,0.01215,0,0.042222,0.0018176,0.025642,0.019008,0.0065171,0.22165,0.4,0.23829,0.39106,0.0089146,0.10033,0.027862,0.13593,0.15141,0.30197,0,0.098214,0.088722,0.33335,0.17739,33.983,90.682,12.741,3.6362,87.35,154.55,29.51,15.184,7.2229,13.017,135.74,0,7.1807,5.9085,20.011,149.15,0
382,2143,1.8582,0.088479,76.08,39.312,26,12,0.032307,0.068593,0.044544,0.039582,0.020442,0.015653,0.061735,0.1282,0.058758,0.013307,0.017885,0,0.045518,0.019549,0.01984,0.03087,0.0082562,0.22488,0.3536,0.29033,0.45451,0.046362,0.11784,0.036686,0.21597,0.18249,0.28884,0,0.095472,0.079775,0.55924,0.16367,37.351,80.326,4.666,1.6155,94.786,145.09,28.202,6.5845,5.2059,16.159,131.02,0,0.41483,0.54639,13.841,139.79,0
320,1575,1.1186,0.024221,52.664,32.65,23,5,0.022715,0.045948,0.072967,0.057089,0.0058864,0.013057,0.085439,0.12226,0.0056633,0.016843,0.0014323,0,0.0054099,0.0066607,0.01786,0.031535,0.082685,0.16262,0.38273,0.27826,0.68498,0.011452,0.056988,0.044707,0.099492,0.1586,0.3845,0,0.025309,0.051302,0.322,0.18596,37.019,91.241,8.4002,5.2124,142.25,131.13,43.239,5.1374,6.6381,3.0154,129.95,0,4.2169,0.77366,12.151,134.3,0
395,1945,1.9418,0.0871,30.538,21.376,23,2,0.021182,0.063531,0.056223,0.05084,0.0061005,0.0049261,0.070394,0.15466,0.0063212,0.037727,0.011243,0,0.054835,0.012178,0.011671,0.021753,0.085045,0.036514,0.48174,0.41735,0.020329,0.013828,0.10612,0.043458,0.22762,0.25383,0.28034,0,0.1468,0.06311,0.33691,0.17181,23.197,70.074,21.218,16.387,143.51,69.147,36.877,1.3799,8.4149,8.3778,138.93,0,2.4052,4.1689,12.918,153.11,0
387,2035,1.6355,0.081175,56.039,30.242,22,16,0.052995,0.056083,0.046582,0.074441,0.0032084,0.0044494,0.059289,0.12558,0.034719,0.043843,0,0,0.035098,0.011149,0.011307,0.024705,0.098389,0.12409,0.42945,0.25016,0.44778,0.0085464,0.15464,0.024331,0.22059,0.2577,0,0,0.069274,0.097947,0.35356,0.1651,34.174,87.518,12.584,1.9835,139.39,151.16,45.076,9.338,10.197,7.2729,0,0,0.55534,6.6104,12.712,153.46,0
593,2407,1.7174,0.093695,63.946,62.622,22,2,0.033233,0.066145,0.080413,0.028999,0.013677,0.011333,0.10675,0.10807,0.03592,0.029298,0.031893,0,0.046038,0.02847,0.022013,0.037368,0.05531,0.40736,0.38932,0.20661,0.10313,0.012296,0.012475,0.041986,0.19097,0.32241,0.34204,0,0.09406,0.12612,0.30247,0.14837,34.806,99.409,6.0994,2.2344,12.647,141.5,28.141,2.9081,17.814,16.691,106.91,0,3.0295,1.1484,11.756,138.66,0
580,2483,1.9189,0.1126,30.372,77.281,24,6,0.0055848,0.087516,0.080951,0.028148,0.034525,0.026786,0.11182,0.1123,0.076909,0.012888,0.057596,0.0083877,0.047765,0.010149,0.0078253,0.01875,0.11539,0.21156,0.30389,0.32503,0.074338,0.022308,0.015151,0.019118,0.11933,0.21333,0.432,0.26908,0.12343,0.14261,0.2062,0.18048,30.534,87.077,1.8227,1.2525,2.4519,136.44,18.093,15.577,15.123,13.195,89.309,138.51,1.8305,8.2743,9.3472,156.95,0
616,2825,1.6508,0.091526,102.49,67.319,12,26,0.053198,0.098277,0.077392,0.083575,0.00035335,0.0039788,0.10071,0.11435,0.073139,0.036658,0.014138,0,0.057285,0.016935,0.007011,0.020673,0.053584,0.27188,0.40622,0.25219,0.13816,0.0072849,0.18347,0.033941,0.22355,0.22463,0.27145,0,0.095605,0.12988,0.17046,0.19458,38.342,92.602,4.1182,2.1512,86.137,153.89,43.715,13.846,4.5424,11.968,140.2,0,0.57822,1.3957,10.296,154.63,0
33,1534,0.39102,0.023693,169.72,28.572,19,12,0.059394,0.043381,0.055402,0.083241,0.0045119,0.0094624,0.0083637,0.052625,0.0036661,0.01534,0,0,0.024364,0.078778,0.0038891,0.009758,0.014403,0.095067,0.2024,0.055869,0.1065,0.011536,0.1988,0.034471,0.023136,0.15798,0,0,0.070064,0.0094407,0.0092334,0.02142,10.327,45.552,5.0497,1.0417,121.81,145.97,31.076,14.673,12.112,3.3494,0,0,8.1742,12.202,7.618,12.572,0
66,1315,0.82143,0.0093512,82.928,38.971,12,18,0.047922,0.057964,0.048035,0.047315,0.02026,0.019481,0.010638,0.044603,0.011388,0.023286,0,0,0.020598,0.025705,0.012396,0.0019303,0.077669,0.20646,0.14014,0.055941,0.3137,0.033929,0.099708,0.022581,0.093455,0.010722,0,0,0.024262,0.028325,0.0053299,0.023132,22.485,32.314,0.75261,0.10292,84.428,139.28,1.4518,5.1516,5.7285,4.4594,0,0,0.9209,1.1541,6.8853,6.5583,0
65,1493,0.5887,0.019647,197.48,57.438,24,26,0.028552,0.001769,0.018957,0.034127,0.016254,0.024086,0.01663,0.087054,0.033967,0.04765,0.0049679,0,0.044778,0.039516,0.012117,0.013048,0.10428,0.033164,0.089511,0.11574,0.66638,0.030728,0.081768,0.15871,0.010863,0.15635,0.26506,0,0.0040859,0.036636,0.057254,0.019622,21.051,2.7767,0.72317,11.929,66.17,141.78,6.0993,21.877,11.672,9.4163,148.44,0,4.2747,2.1617,1.8365,7.6147,0
466,2615,1.7146,0.041241,198.75,110.13,10,53,0.057435,0.075993,0.01206,0.080781,0.0083631,0.10443,0.0054336,0.15996,0.079705,0.05394,0.007619,0,0.040345,0.038259,0.00049087,0.027257,0.1559,0.26142,0.1977,0.073074,0.37669,0.14929,0.097264,0.1238,0.13982,0.048047,0.22439,0,0.019817,0.066918,0.3168,0.047747,24.474,40.68,8.7073,3.3564,23.146,83.179,8.4226,20.089,18.525,1.4744,154.52,0,8.8386,5.3381,1.0794,25.28,0
95,1544,0.39594,0.0064665,171.72,69.757,11,10,0.071788,0.03352,0.021717,0.070398,0.012786,0,0.0037964,0.060299,0.030843,0.014465,0,0,0.044295,0.058036,0.023165,0.00078583,0.012686,0.15508,0.1225,0.03353,0.072672,0,0.22123,0.081184,0.01568,0.07423,0,0,0.029382,0.064883,0.19154,0.020639,1.783,50.869,5.143,0.321,19.35,0,17.886,14.413,7.928,4.8896,0,0,3.2849,7.9502,10.363,1.1514,0
34,1340,0.41416,0.029989,153.21,44.391,20,26,0.026636,0.054809,0.048348,0.061364,0.0053014,0.0080537,0.0096951,0.090123,0.011933,0.006052,0,0,0.050588,0.030344,0.038996,0.018308,0.050895,0.14315,0.12519,0.042929,0.61368,0.08153,0.017925,0.1145,0.00077768,0.19623,0,0,0.17754,0.13872,0.11232,0.087812,11.799,23.091,4.3712,2.4184,77.92,147.16,5.2385,18.659,23.342,4.535,0,0,16.618,28.324,16.215,4.9067,0
85,1357,0.98497,0.001451,162.66,47.496,18,40,0.04096,0.046547,0.049472,0.072713,0.0084881,0.041026,0.0094557,0.14802,0.023835,0.0090527,0,0,0.018965,0.042241,0.032525,0.014071,0.066143,0.16764,0.26219,0.078734,0.69921,0.64689,0.070085,0.12528,0.011445,0.078821,0,0,0.19922,0.062629,0.038083,0.061305,23.789,51.602,12.656,2.2312,117.24,21.283,7.2984,22.683,14.567,2.0835,0,0,9.8584,4.3786,21.048,9.7067,0
67,1114,0.19464,0.028909,132.59,68.239,9,22,0.057719,0.048127,0.016144,0.076974,0.0025361,0,0.018942,0.082934,0.0091408,0.0046761,0,0,0.0046299,0.022871,0.027436,0.0028771,0.1155,0.28421,0.16669,0.047003,0.39756,0,0.10352,0.020844,0.050522,0.18676,0,0,0.088685,0.020995,0.19521,0.040136,22.054,52.394,0.0084016,0.59551,112.89,0,0.45347,2.824,26.323,3.4663,0,0,5.3743,0.80691,18.873,6.5829,0
137,1777,0.94426,0.0070262,178.53,109.25,29,22,0.027001,0.043971,0.042782,0.096424,0.01048,0.08339,0.039996,0.17752,0.022487,0.036313,0.032399,0,0.014495,0.065627,0.039565,0.020545,0.063221,0.14334,0.19575,0.014057,0.69045,0.11838,0.019889,0.021834,0.1675,0.015302,0.28527,0,0.21031,0.31118,0.043605,0.16012,16.389,51.257,0.06015,1.7268,114.19,76.104,21.392,4.2126,9.0003,3.3714,137.56,0,13.587,27.449,16.542,159.7,0
318,2172,0.95006,0.01472,162.1,90.518,22,38,0.06176,0.065659,0.046572,0.08856,0.0062263,0.027701,0.041957,0.088338,0.00759,0.049552,0.0096976,0,0.059421,0.034112,0.021952,0.0083833,0.0063475,0.14324,0.21712,0.077131,0.24712,0.03913,0.1816,0.062022,0.086343,0.019661,0.27137,0,0.069513,0.0037466,0.30451,0.007602,10.197,44.97,9.3402,3.8311,127.48,84.746,34.863,9.8745,15.149,2.8024,141.19,0,11.675,14.303,10.486,6.8719,0
1,1615,0.15105,0.0036369,141.89,32.253,21,16,0.024579,0.0016339,0.040272,0.079613,0.020458,0,0.029193,0.074316,0.024369,0.032746,0.0039174,0,0.041962,0.066363,0.014404,0.015176,0.038867,0.013445,0.038998,0.11563,0.095762,0,0.10911,0.052303,0.082714,0.033207,0.28328,0,0.026143,0.032729,0.12161,0.0052772,0.38124,54.015,6.6805,4.7738,9.5979,0,21.609,8.5025,11.144,12.621,139.4,0,5.9816,11.647,5.5632,21.416,0
72,1085,0.50488,0.0063393,15.261,14.15,6,14,0.020356,0.041446,0.044456,0.089151,0.016292,0,0.010853,0.067848,0.0024934,0.028517,0.0013793,0,0.037609,0.002498,0.04022,0.020545,0.041598,0.037862,0.10846,0.05095,0.10592,0,0.33358,0.037917,0.049552,0.18262,0.31492,0,0.011656,0.089895,0.10357,0.16012,22.652,29.495,6.4102,4.3102,128.72,0,44.688,2.7538,5.4907,10.961,131.58,0,11.737,17.662,21.698,159.7,0
56,1222,0.42201,0.01173,152.9,33.422,5,13,0.037116,0.022131,0.036307,0.03733,0.0019189,0.0039542,0.023846,0.097093,0.020315,0.0098526,0.0064103,0,0.03423,0.036619,0.00419,0.0085623,0.09931,0.06164,0.159,0.031286,0.05968,0.017578,0.023729,0.11162,0.022818,0.14694,0.29565,0,0.038775,0.0079706,0.37332,0.016554,21.787,47.475,3.7834,3.1487,12.11,92.22,3.7264,10.576,12.275,2.9094,143.9,0,3.8372,5.947,3.1916,14.852,0
217,1935,0.70564,0.019466,155.06,48.528,1,34,0.032414,0.026678,0.06845,0.091057,0.0071077,0.031667,0.025816,0.10415,0.02877,0.04972,0.035409,0,0.025052,0.025713,0.0054844,0.0054165,0.14042,0.069968,0.14917,0.00067736,0.50177,0.042779,0.073025,0.097631,0.084908,0.044237,0.37009,0,0.060156,0.024538,0.054328,0.025755,33.871,45.029,5.9359,1.114,126.73,139.94,17.138,15.947,10.53,4.7712,104.26,0,4.6997,0.81789,5.9212,17.341,0
119,1049,0.53975,0.0020416,117.33,28.69,2,27,0.033132,0.052702,0.019301,0.065036,0.020081,0.0083333,0.013695,0.050041,0.0016396,0.018246,0.01215,0,0.010149,0.040404,0.0013588,0.0015367,0.06285,0.21065,0.18228,0.018005,0.31372,0.0089146,0.1519,0.010494,0.030709,0.10127,0.30197,0,0.069789,0.010466,0.20062,0.017275,19.858,50.72,6.6184,5.569,80.535,154.55,20.136,7.1398,2.9013,1.1668,135.74,0,0.43756,4.8033,0.58217,10.549,0
82,1451,0.89012,0.0080863,117.25,39.523,12,28,0.023302,0.055511,0.013319,0.053425,0.0058932,0.015653,0.023945,0.090907,0.027436,0.0015453,0.017885,0,0.013446,0.058136,0.0044431,0.010325,0.061111,0.21387,0.13589,0.070045,0.37716,0.046362,0.066271,0.054054,0.11075,0.070193,0.28884,0,0.072531,0.0015202,0.42651,0.0035521,23.227,40.364,10.789,3.5483,87.971,145.09,18.827,14.629,15.33,4.308,131.02,0,8.0331,10.165,5.5879,19.916,0
20,883,0.15052,0.056171,93.837,32.861,9,21,0.013709,0.032866,0.041743,0.070932,0.020435,0.013057,0.047649,0.08497,0.025659,0.0050816,0.0014323,0,0.026663,0.045247,0.0064229,0.01099,0.013318,0.15161,0.16502,0.057975,0.60763,0.011452,0.10856,0.062074,0.0057298,0.094089,0.3845,0,0.14269,0.026953,0.18927,0.02584,22.894,51.279,2.2775,7.1451,135.44,131.13,33.864,2.9066,3.486,8.8352,129.95,0,3.4013,9.9381,7.278,25.401,0
95,1253,0.97367,0.0067072,71.711,21.587,9,18,0.012176,0.050449,0.024999,0.064683,0.020649,0.0049261,0.032604,0.11737,0.037643,0.025966,0.011243,0,0.022763,0.026408,0.012612,0.0012082,0.015678,0.025507,0.26403,0.19706,0.097675,0.013828,0.15769,0.060825,0.12239,0.0011477,0.28034,0,0.021198,0.015146,0.20418,0.011693,9.0718,30.112,15.095,18.32,136.7,69.147,27.503,9.4239,18.539,3.4729,138.93,0,5.213,6.5429,6.5108,6.5885,0
87,1343,0.66737,0.0007822,97.212,30.453,8,32,0.04399,0.043002,0.015358,0.088284,0.017757,0.0044494,0.021499,0.088295,0.0033967,0.032081,0,0,0.0030256,0.049735,0.012976,0.0041599,0.029022,0.11309,0.21174,0.02988,0.37043,0.0085464,0.20621,0.041699,0.11537,0.0050144,0,0,0.098729,0.019692,0.22083,0.0049875,20.05,47.556,6.4616,3.9163,132.58,151.16,35.701,1.294,20.321,4.5778,0,0,7.0629,4.1014,6.7171,6.2461,0
293,1715,0.74933,0.013302,105.12,62.833,8,14,0.024227,0.053063,0.049189,0.042842,0.00087163,0.011333,0.068955,0.070776,0.0045982,0.017536,0.031893,0,0.013966,0.067056,0.0022703,0.016823,0.014057,0.39635,0.1716,0.013679,0.025782,0.012296,0.064044,0.059353,0.085744,0.069725,0.34204,0,0.073943,0.047867,0.16974,0.011743,20.681,59.448,0.023255,0.30165,5.832,141.5,18.766,10.952,7.6903,4.8399,106.91,0,10.648,11.86,7.6729,21.045,0
280,1791,0.95076,0.03221,71.545,77.492,10,22,0.0034211,0.074434,0.049727,0.041991,0.019976,0.026786,0.074031,0.075014,0.045587,0.0011268,0.057596,0.0083877,0.015692,0.028438,0.016458,0.001795,0.046025,0.20056,0.086175,0.10475,0.0030079,0.022308,0.036418,0.0017505,0.014105,0.039358,0.432,0.26908,0.044571,0.064355,0.07347,0.020365,16.409,47.115,7.9454,3.1853,9.2666,136.44,8.7182,7.5326,4.9985,1.3445,89.309,138.51,5.7877,2.4375,10.082,2.7522,0
316,2133,0.68272,0.011134,143.66,67.53,2,42,0.044192,0.085195,0.046168,0.097418,0.014902,0.0039788,0.062924,0.077057,0.041817,0.024897,0.014138,0,0.025212,0.055521,0.017272,0.00012806,0.12295,0.26087,0.18851,0.031905,0.06081,0.0072849,0.23504,0.016573,0.11833,0.028058,0.27145,0,0.072398,0.051622,0.037729,0.034464,24.217,52.64,2.0045,0.21844,79.322,153.89,34.34,5.8024,5.5818,0.11686,140.2,0,7.04,12.107,9.1329,5.0714,0
88,1737,1.1587,0.044676,131,35.309,42,9,0.0452,0.054494,0.064703,0.074074,0.012235,0.0094624,0.008404,0.076717,0.001979,0.036657,0,0,0.036278,0.055592,0.01524,0.028418,0.1351,0.050244,0.22909,0.0087243,0.092424,0.011536,0.2174,0.12623,0.10862,0.0099631,0,0,0.045177,0.041411,0.15792,0.13417,1.5177,16.946,6.779,4.2082,125.68,145.97,25.24,3.2869,7.5688,6.0735,0,0,8.3764,7.2017,11.954,14.332,0
121,1518,1.5891,0.077721,44.21,45.709,35,15,0.033728,0.069077,0.057336,0.038147,0.027982,0.019481,0.010598,0.068694,0.017033,0.044603,0,0,0.032512,0.0025181,0.0067335,0.016729,0.043031,0.16164,0.16684,0.0087965,0.29963,0.033929,0.081113,0.13812,0.038301,0.15722,0,0,0.090979,0.079177,0.15401,0.13246,10.641,3.7081,2.4819,5.147,88.299,139.28,4.3835,6.2347,1.1853,1.7353,0,0,1.123,6.1546,12.687,4.798,0
120,1696,1.3563,0.088017,158.77,64.175,47,23,0.014359,0.0093444,0.028258,0.024959,0.0085314,0.024086,0.01659,0.11115,0.039612,0.068967,0.0049679,0,0.056692,0.016329,0.0070117,0.031708,0.016422,0.077988,0.11621,0.16288,0.6523,0.030728,0.063174,0.0019922,0.12089,0.32429,0.26506,0,0.11115,0.087488,0.20594,0.17522,9.2064,25.829,1.0061,6.6789,70.04,141.78,11.935,10.491,7.1287,6.6922,148.44,0,4.4769,2.8388,17.735,9.375,0
521,2818,2.4823,0.10961,160.03,116.86,33,50,0.043241,0.087106,0.021361,0.071613,0.00064033,0.10443,0.0054739,0.18405,0.08535,0.075258,0.007619,0,0.052259,0.015072,0.018638,0.045917,0.035199,0.2166,0.22439,0.12022,0.36261,0.14929,0.07867,0.036905,0.27157,0.21599,0.22439,0,0.13506,0.11777,0.16811,0.20334,12.63,12.074,6.9781,1.8935,27.017,83.179,14.258,8.7023,13.982,4.1985,154.52,0,9.0408,0.33756,18.493,27.04,0
150,1747,1.1636,0.074836,133,76.494,34,7,0.057595,0.044633,0.031018,0.061231,0.0050632,0,0.0037561,0.084391,0.036488,0.035783,0,0,0.056209,0.034849,0.0040356,0.017874,0.13339,0.11025,0.14919,0.013614,0.086749,0,0.23983,0.079522,0.11608,0.093716,0,0,0.14462,0.11574,0.34022,0.13495,10.061,22.263,3.4137,5.5709,15.479,0,12.051,3.0271,3.3848,7.6137,0,0,3.487,2.9497,9.2089,2.9117,0
89,1543,1.1818,0.03838,114.49,51.128,43,23,0.012443,0.065922,0.057649,0.052197,0.013024,0.0080537,0.0096548,0.11421,0.0062883,0.015265,0,0,0.062502,0.007157,0.019867,0.00035177,0.069805,0.098327,0.15189,0.0042155,0.5996,0.08153,0.00066945,0.046205,0.13098,0.028286,0,0,0.062297,0.087867,0.036362,0.067783,0.045169,5.5146,6.1005,7.6683,81.79,147.16,0.59683,7.2725,18.799,7.2591,0,0,16.82,23.323,3.3573,6.6671,0
140,1560,1.7526,0.06982,123.94,54.234,41,37,0.026767,0.05766,0.058773,0.063545,0.016211,0.041026,0.0094154,0.17211,0.02948,0.03037,0,0,0.030879,0.065428,0.013396,0.0045885,0.054557,0.12282,0.28889,0.12588,0.68513,0.64689,0.051491,0.035421,0.1432,0.089125,0,0,0.083978,0.011777,0.1106,0.094289,11.945,22.996,14.385,3.0187,121.11,21.283,1.4631,11.297,10.024,0.64062,0,0,10.061,9.3791,1.4764,7.9464,0
12,1317,0.96228,0.03946,93.869,74.976,32,19,0.043525,0.05924,0.025445,0.067806,0.010259,0,0.018982,0.10703,0.014786,0.016641,0,0,0.016544,0.00031552,0.0083069,0.021537,0.0052034,0.23938,0.19339,0.00014191,0.38348,0,0.084928,0.13986,0.18228,0.018818,0,0,0.026556,0.029858,0.3439,0.11546,10.21,23.788,1.7209,5.8454,116.76,0,6.2888,8.5624,21.779,0.74214,0,0,5.5764,4.1936,0.69909,8.3432,0
192,1980,1.7119,0.075396,139.81,115.98,52,19,0.012807,0.055085,0.052084,0.087257,0.018203,0.08339,0.039956,0.20161,0.028132,0.05763,0.032399,0,0.026409,0.088813,0.020436,0.0018854,0.18392,0.098512,0.22245,0.061201,0.67637,0.11838,0.038483,0.13887,0.29925,0.18325,0.28527,0,0.095067,0.26033,0.10508,0.31571,4.5453,22.651,1.7894,3.5231,118.06,76.104,15.557,7.1737,4.4571,0.64728,137.56,0,13.789,22.449,3.0296,161.46,0
373,2375,1.7177,0.08309,123.38,97.255,45,35,0.047566,0.076772,0.055873,0.079393,0.0014964,0.027701,0.041916,0.11243,0.013235,0.070869,0.0096976,0,0.071335,0.010925,0.0028232,0.027043,0.12705,0.098417,0.24381,0.12428,0.23304,0.03913,0.20019,0.098683,0.2181,0.14828,0.27137,0,0.045728,0.047106,0.4532,0.1632,1.6475,16.365,11.069,1.4188,131.35,84.746,29.027,1.5119,10.605,5.5265,141.19,0,11.877,9.3029,9.0855,8.6323,0
54,1818,0.91868,0.064732,103.17,38.99,44,13,0.010385,0.0094794,0.049573,0.070445,0.012735,0,0.029153,0.098407,0.030014,0.054063,0.0039174,0,0.053876,0.043176,0.0047251,0.033835,0.15957,0.031378,0.065694,0.068486,0.10984,0,0.12771,0.1084,0.21447,0.13474,0.28328,0,0.089097,0.083581,0.27029,0.16087,11.463,25.409,4.9512,10.024,5.727,0,15.774,2.8838,6.6003,15.345,139.4,0,6.1837,6.6467,14.009,23.176,0
17,1288,1.2725,0.074709,23.457,20.887,29,11,0.0061618,0.052559,0.053757,0.079983,0.0085694,0,0.010893,0.091939,0.0031516,0.049834,0.0013793,0,0.049522,0.020689,0.021091,0.0018854,0.079102,0.0069612,0.13515,0.0038055,0.091838,0,0.35217,0.19862,0.18131,0.014674,0.31492,0,0.10358,0.039043,0.25225,0.31571,10.808,0.88953,4.6809,9.5601,132.6,0,38.853,14.14,0.94744,13.685,131.58,0,11.939,12.661,2.1262,161.46,0
111,1425,1.1896,0.056639,114.18,40.159,28,10,0.022922,0.033245,0.045608,0.028163,0.0058038,0.0039542,0.023806,0.12118,0.02596,0.011465,0.0064103,0,0.046144,0.013432,0.014939,0.027222,0.02139,0.016817,0.1857,0.078431,0.073758,0.017578,0.042323,0.049086,0.10894,0.021004,0.29565,0,0.076466,0.042881,0.522,0.13904,9.9427,18.869,5.5126,8.3986,8.2392,92.22,2.1089,0.81022,7.7316,5.6335,143.9,0,4.0393,0.94648,16.38,16.612,0
272,2138,1.4733,0.087836,116.34,55.266,22,31,0.018221,0.037792,0.077751,0.081889,0.00061501,0.031667,0.025776,0.12824,0.034415,0.071037,0.035409,0,0.036966,0.0025264,0.024613,0.024076,0.01972,0.025144,0.17586,0.046467,0.48769,0.042779,0.054431,0.063074,0.21666,0.21218,0.37009,0,0.055085,0.07539,0.094355,0.18135,22.027,16.423,4.2067,4.1359,130.6,139.94,11.303,4.561,15.073,2.0471,104.26,0,4.9019,4.1826,25.493,19.102,0
174,1252,1.3074,0.066328,78.616,35.427,21,24,0.018938,0.063816,0.028602,0.055868,0.012358,0.0083333,0.013655,0.074132,0.0072846,0.039563,0.01215,0,0.022063,0.017217,0.020488,0.017123,0.05785,0.16582,0.20898,0.065149,0.29964,0.0089146,0.1705,0.1712,0.16247,0.066673,0.30197,0,0.045452,0.061319,0.34931,0.13832,8.0141,22.115,8.3476,0.3191,84.406,154.55,14.301,18.526,1.642,3.8909,135.74,0,0.63971,0.19725,20.154,12.31,0
137,1654,1.6578,0.076456,78.534,46.26,35,25,0.0091078,0.066625,0.02262,0.044257,0.013616,0.015653,0.023905,0.115,0.033081,0.022862,0.017885,0,0.02536,0.034949,0.014686,0.028985,0.059589,0.16905,0.16258,0.11719,0.36308,0.046362,0.047677,0.10665,0.2425,0.097753,0.28884,0,0.04271,0.052372,0.57519,0.15204,11.382,11.758,9.0594,1.7016,91.842,145.09,12.992,3.2422,10.787,7.0321,131.02,0,8.2352,5.1649,13.984,21.677,0
75,1086,0.91816,0.012198,55.119,39.598,32,18,0.00048509,0.04398,0.051044,0.061765,0.012713,0.013057,0.047608,0.10906,0.020014,0.026399,0.0014323,0,0.014749,0.02206,0.012706,0.02965,0.13402,0.10679,0.19171,0.10512,0.59356,0.011452,0.12715,0.098631,0.12603,0.073857,0.3845,0,0.027453,0.023899,0.33795,0.12975,11.05,22.673,4.0068,1.8952,139.31,131.13,28.029,8.4797,1.0572,6.1111,129.95,0,3.6035,4.9376,12.294,27.162,0
150,1456,1.7413,0.075077,32.992,28.324,32,15,0.0020175,0.061563,0.0343,0.055516,0.012927,0.0049261,0.032564,0.14146,0.031998,0.047283,0.011243,0,0.034676,0.0032215,0.006517,0.019868,0.13638,0.019316,0.29072,0.24421,0.11175,0.013828,0.17628,0.09988,0.25415,0.16909,0.28034,0,0.094043,0.035707,0.35286,0.1439,2.7724,1.506,16.825,13.07,140.57,69.147,21.667,1.9624,13.996,0.74875,138.93,0,5.4152,1.5424,13.061,8.3488,0
142,1546,1.435,0.069152,58.493,37.19,31,29,0.029796,0.054115,0.024659,0.079117,0.010035,0.0044494,0.021459,0.11239,0.0090417,0.053398,0,0,0.014939,0.026548,0.0061527,0.02282,0.14972,0.068262,0.23844,0.077025,0.35635,0.0085464,0.2248,0.11901,0.24712,0.17296,0,0,0.016512,0.070544,0.36951,0.15061,8.2053,18.95,8.1909,1.3336,136.45,151.16,29.866,12.68,15.778,1.8537,0,0,7.265,0.8991,12.855,8.0064,0
348,1918,1.517,0.081672,66.401,69.57,31,11,0.010033,0.064177,0.05849,0.033674,0.0068511,0.011333,0.068915,0.094867,0.010243,0.038853,0.031893,0,0.025879,0.043869,0.016859,0.035483,0.10664,0.35153,0.1983,0.033466,0.011704,0.012296,0.082638,0.10135,0.2175,0.23767,0.34204,0,0.041298,0.09872,0.31842,0.16734,8.8372,30.842,1.706,5.5516,9.7028,141.5,12.931,0.43422,12.234,7.564,106.91,0,10.85,6.8597,11.899,22.805,0
335,1994,1.7184,0.10058,32.826,84.229,33,19,0.017615,0.085548,0.059028,0.032824,0.027698,0.026786,0.07399,0.099105,0.051232,0.022444,0.057596,0.0083877,0.027606,0.0052508,0.0026714,0.016865,0.16672,0.15573,0.11287,0.15189,0.017085,0.022308,0.055013,0.16246,0.14586,0.12859,0.432,0.26908,0.07067,0.11521,0.22215,0.13523,4.5651,18.509,6.2161,2.0646,5.3958,136.44,2.8829,18.919,9.5418,4.0686,89.309,138.51,5.9899,2.563,9.4901,4.5125,0
371,2336,1.4504,0.079503,104.94,74.267,21,39,0.029999,0.096309,0.055469,0.088251,0.0071795,0.0039788,0.062884,0.10115,0.047462,0.046214,0.014138,0,0.037126,0.032334,0.0018571,0.018788,0.0022511,0.21605,0.21521,0.07905,0.046732,0.0072849,0.25363,0.17728,0.25008,0.13989,0.27145,0,0.042843,0.10247,0.18641,0.12113,12.373,24.034,0.27523,5.4683,83.193,153.89,28.505,17.189,1.0385,2.841,140.2,0,7.2422,7.107,10.439,6.8318,0
81,301,0.51888,0.02248,11.267,49.333,10,4,0.016642,0.011277,0.019861,0.0023109,0.0055025,0.00062398,0.036301,0.015282,0.0056208,0.0087699,0,0,0.013294,0.06334,0.016502,0.0087022,0.088824,0.025805,0.16404,0.079718,0.33044,0.070139,0.26718,0.043821,0.075755,0.026299,0,0,0.087583,0.1147,0.11248,0.038813,8.5902,14.963,11.584,3.6329,6.8912,4.1083,31.425,0.76327,2.0401,4.0927,0,0,3.1714,4.3532,0.37943,8.7893,1
114,82,0.9493,0.055524,98.058,38.934,17,2,0.0051697,0.02586,0.012493,0.038237,0.010245,0.010642,0.055303,0.023304,0.0094334,0.00082435,0,0,0.01706,0.010266,0.0079954,0.0029861,0.0032482,0.1372,0.10179,0.079646,0.12324,0.047745,0.031333,0.055711,0.0054353,0.12096,0,0,0.13338,0.15247,0.11638,0.037101,3.5688,1.7245,7.2871,2.6942,30.489,10.792,1.801,8.7583,4.3434,3.7161,0,0,10.425,17.709,0.35321,10.341,1
113,260,0.71657,0.06582,16.497,20.467,5,10,0.0142,0.033872,0.016584,0.051425,0.026269,0.015247,0.061296,0.019147,0.032012,0.02354,0.0049679,0,0.0071198,0.024077,0.0082736,0.011992,0.029857,0.10243,0.05116,0.25132,0.22943,0.050947,0.013393,0.080421,0.088028,0.28803,0.26506,0,0.15356,0.16078,0.064456,0.079855,2.1339,27.813,5.8113,14.52,48.748,8.2999,5.75,7.9673,1.6,8.6731,148.44,0,7.0709,14.394,5.4021,3.832,1
514,1382,1.8425,0.087414,17.76,32.222,19,37,0.014683,0.04389,0.023482,0.0047714,0.018377,0.095595,0.039232,0.09205,0.077751,0.029831,0.007619,0,0.0026871,0.02282,0.0199,0.026201,0.081478,0.19216,0.15935,0.20866,0.060252,0.067615,0.028889,0.045508,0.23871,0.17973,0.22439,0,0.17746,0.19106,0.43851,0.10798,5.5576,10.09,2.1729,5.9476,91.771,66.898,8.0733,6.1787,8.4534,2.2177,154.52,0,2.507,11.217,6.1592,21.497,1
143,311,0.52381,0.052639,9.2701,8.1478,18,6,0.029036,0.0014162,0.013825,0.015154,0.0228,0.0088384,0.048462,0.0076077,0.028888,0.0096444,0,0,0.0066369,0.042597,0.0027736,0.0018417,0.087107,0.085814,0.084143,0.10206,0.50962,0.081674,0.28961,0.0028915,0.08321,0.057455,0,0,0.18703,0.18902,0.069828,0.039594,17.134,20.279,1.3915,2.2702,134.27,150.08,18.236,0.50352,2.1439,5.6329,0,0,8.0607,8.6052,3.1245,2.6313,1
82,107,0.54203,0.016184,27.781,33.514,9,10,0.016116,0.022705,0.012807,0.024188,0.004713,0.00078469,0.05436,0.022215,0.013888,0.030162,0,0,0.01293,0.014905,0.018605,0.019364,0.023526,0.073888,0.086841,0.092658,0.17673,0.00014496,0.05045,0.036208,0.098113,0.064548,0,0,0.019892,0.014579,0.23403,0.027579,7.1177,7.4982,10.906,0.17287,36.998,2.9121,5.5877,4.7489,13.27,5.2782,0,0,5.2723,11.768,8.976,1.1241,1
133,124,1.1128,0.047624,18.328,30.409,11,24,0.0017916,0.014443,0.013931,0.012839,0.0015263,0.032187,0.054121,0.080109,0.02188,0.015057,0,0,0.018693,0.05768,0.012134,0.015127,0.0082776,0.09838,0.22384,0.21432,0.26226,0.56522,0.0017103,0.046992,0.11034,0.052863,0,0,0.041573,0.061511,0.15979,0.001072,4.8726,21.012,19.19,4.8225,2.3259,128.79,7.6477,8.7736,4.4953,1.3403,0,0,1.4872,20.934,13.81,13.489,1
19,119,0.32251,0.017264,48.4,9.6663,20,6,0.014967,0.016023,0.019397,0.0085782,0.0074783,0.0088384,0.025724,0.015027,0.0071861,0.028786,0,0,0.033028,0.0074323,0.007045,0.0018213,0.041076,0.21494,0.12834,0.088585,0.039388,0.081674,0.035148,0.057448,0.14941,0.05508,0,0,0.068961,0.10315,0.073502,0.020097,3.1377,21.805,6.5261,1.9957,2.0258,150.08,0.1042,11.086,16.251,2.723,0,0,5.9713,15.748,11.634,2.8002,1
185,544,1.0721,0.053199,2.4565,31.34,0,6,0.015751,0.011868,0.0072413,0.010872,0.00046551,0.074552,0.084662,0.10961,0.020532,0.012203,0.032399,0,0.023163,0.081065,0.019174,0.021601,0.13764,0.074073,0.1574,0.14964,0.25351,0.036707,0.088264,0.056458,0.26639,0.14699,0.28527,0,0.052661,0.18704,0.16532,0.22035,2.5272,20.667,6.5946,4.3181,0.72732,73.973,21.742,9.6973,1.0716,2.6282,137.56,0,2.2413,10.894,9.3038,155.92,1
366,939,1.0779,0.060893,18.884,12.613,7,22,0.019008,0.033555,0.011031,0.0030083,0.016241,0.018863,0.086622,0.020431,0.0056353,0.025442,0.0096976,0,0.021763,0.018673,0.0015613,0.0073275,0.080768,0.073978,0.17877,0.21272,0.18983,0.042545,0.24997,0.01627,0.18523,0.11202,0.27137,0,0.088133,0.12039,0.1828,0.067835,8.72,14.381,15.875,6.4223,12.561,65.331,35.212,4.0355,5.0766,3.5456,141.19,0,0.32974,2.252,3.2479,3.0893,1
47,382,0.27891,0.042536,39.097,45.652,8,0,0.018173,0.033737,0.0047312,0.0059393,0.030472,0.0088384,0.073858,0.0064089,0.022414,0.0086359,0.0039174,0,0.0043039,0.050924,0.0059871,0.01412,0.11329,0.055817,0.00064665,0.019957,0.53271,0.081674,0.17749,0.025989,0.1816,0.098477,0.28328,0,0.1315,0.15687,0.00010352,0.06551,18.535,23.426,0.14603,2.1826,124.52,150.08,21.958,5.4074,1.0716,13.364,139.4,0,5.3641,4.9081,1.6753,17.633,1
24,148,0.63275,0.052512,165.73,63.755,23,2,0.022396,0.0093424,0.0089149,0.0035985,0.026306,0.0088384,0.033812,5.94E-05,0.0044481,0.0044074,0.0013793,0,4.94E-05,0.012941,0.019829,0.021601,0.032823,0.031401,0.070106,0.084637,0.33103,0.081674,0.40195,0.11621,0.14844,0.050935,0.31492,0,0.14599,0.034246,0.018145,0.22035,3.7352,1.0941,0.12425,1.719,13.807,150.08,45.038,16.664,4.5813,11.705,131.58,0,0.39127,1.1066,14.46,155.92,1
104,11,0.54987,0.034443,28.088,44.483,24,3,0.0056362,0.0099723,0.00076591,0.048222,0.011933,0.0048842,0.068511,0.029186,0.01836,0.033962,0.0064103,0,0.0034282,0.02118,0.016201,0.0075064,0.024889,0.0076228,0.12065,0.16687,0.49662,0.064096,0.092104,0.033327,0.076072,0.015258,0.29565,0,0.11887,0.11617,0.25161,0.043679,2.8702,16.886,10.318,0.55746,127.03,57.857,4.0756,3.3338,2.2029,3.6526,143.9,0,7.5084,10.608,4.047,11.069,1
265,702,0.83351,0.065639,25.93,29.377,30,18,0.010338,0.005425,0.032909,0.0055048,0.017122,0.022828,0.070482,0.036244,0.026815,0.02561,0.035409,0,0.012606,0.010274,0.025875,0.0043607,0.065999,0.00070502,0.11082,0.13491,0.064825,0.038896,0.0046502,0.019339,0.1838,0.17592,0.37009,0,0.09749,0.14868,0.17604,0.085988,14.954,14.439,0.59854,3.7052,11.816,10.142,17.487,2.0374,20.602,4.0279,104.26,0,6.6459,15.737,13.16,13.559,1
167,184,0.66762,0.044131,63.653,49.215,31,11,0.0096202,0.020599,0.01624,0.020516,0.030096,0.00050505,0.05836,0.017866,0.00031513,0.0058641,0.01215,0,0.027508,0.024965,0.02175,0.0025926,0.011571,0.14139,0.14393,0.15359,0.12323,0.07276,0.22028,0.088787,0.1296,0.030412,0.30197,0,0.087857,0.13461,0.078913,0.042958,0.94158,20.131,13.153,8.1602,34.382,4.4765,20.485,21.05,7.1707,1.91,135.74,0,10.908,11.752,7.8207,6.7666,1
130,218,1.018,0.054259,63.734,38.382,17,12,0.01945,0.023408,0.022222,0.032127,0.0041211,0.006815,0.06861,0.023,0.025481,0.022565,0.017885,0,0.024212,0.042697,0.015948,0.0092696,0.01331,0.14461,0.097536,0.20563,0.059781,0.035313,0.002104,0.024238,0.20964,0.061491,0.28884,0,0.085115,0.12566,0.3048,0.056681,4.3099,9.7744,4.2542,6.1396,26.946,4.9883,19.176,0.71861,5.2581,5.0512,131.02,0,3.3125,6.3899,1.6507,16.134,1
68,350,0.27839,0.0099983,87.15,45.044,20,5,0.029043,0.00076298,0.006202,0.01462,0.03045,0.0042181,0.092314,0.017063,0.027614,0.019028,0.0014323,0,0.06432,0.029808,0.013968,0.0099345,0.087739,0.082352,0.12667,0.19356,0.17069,0.070223,0.17693,0.016218,0.093161,0.037595,0.3845,0,0.014952,0.097187,0.067555,0.034393,3.9774,20.689,8.812,9.7364,20.52,18.951,34.214,11.003,6.5859,8.092,129.95,0,7.9443,6.6172,0.03948,21.619,1
143,20,1.1015,0.05288,109.28,56.318,20,2,0.030576,0.018346,0.010542,0.020869,0.030664,0.0039123,0.077269,0.04946,0.039598,0.0018559,0.011243,0,0.014895,0.010969,0.007779,0.0001524,0.090099,0.043755,0.22567,0.33265,0.53462,0.067847,0.22606,0.017467,0.22128,0.13283,0.28034,0,0.13645,0.10899,0.082469,0.04854,9.8449,0.47758,21.63,20.911,21.782,80.93,27.852,4.486,8.4671,2.7296,138.93,0,6.1326,10.012,0.72774,2.8058,1
135,110,0.79524,0.046955,83.775,47.452,21,16,0.0012376,0.010899,0.020183,0.002732,0.027772,0.004389,0.066164,0.020387,0.001442,0.0079715,0,0,0.034632,0.034296,0.0074147,0.0031041,0.10344,0.043822,0.17339,0.16547,0.066513,0.073128,0.27458,0.036593,0.21426,0.1367,0,0,0.058917,0.14383,0.099121,0.055245,1.1328,16.967,12.996,6.5076,17.66,1.0795,36.051,15.204,10.249,3.8345,0,0,4.2827,12.454,0.52142,2.4634,1
341,482,0.87719,0.059475,75.868,15.072,21,2,0.018525,0.02096,0.013648,0.04271,0.010886,0.0024949,0.11362,0.0028687,0.0026435,0.0065736,0.031893,0,0.023692,0.051617,0.018121,0.015768,0.060364,0.32709,0.13325,0.12191,0.41116,0.069379,0.13242,0.018939,0.18463,0.20141,0.34204,0,0.083703,0.17201,0.048025,0.071976,1.7647,28.858,6.5112,2.2896,109.09,8.5737,19.115,2.9578,17.762,5.5831,106.91,0,0.69792,4.6952,0.43431,17.262,1
328,558,1.0786,0.078383,109.44,0.41308,19,6,0.046173,0.042331,0.014186,0.043561,0.0099612,0.017947,0.1187,0.0071068,0.043632,0.022983,0.057596,0.0083877,0.021966,0.012999,0.0039333,0.0028508,0.12045,0.13129,0.047823,0.24034,0.43995,0.059366,0.10479,0.080043,0.113,0.092327,0.432,0.26908,0.11308,0.18849,0.048241,0.039868,2.5074,16.526,1.4109,5.7766,124.18,13.64,9.0675,21.443,15.07,2.0877,89.309,138.51,5.5579,14.118,2.8432,1.0305,1
364,900,0.81058,0.057307,37.325,10.375,31,26,0.0014403,0.053092,0.010627,0.011866,0.024917,0.0048596,0.10759,0.0091499,0.039862,0.0007867,0.014138,0,0.012446,0.040082,0.003119,0.00092777,0.04853,0.19161,0.15016,0.16749,0.37613,0.07439,0.30341,0.094865,0.21722,0.10363,0.27145,0,0.085248,0.17576,0.083981,0.025769,5.3001,22.05,4.53,2.3728,35.595,3.8181,34.69,19.712,4.4902,0.8601,140.2,0,4.3056,4.4479,1.8943,1.2888,1
42,57,0.30573,0.024347,37.051,15.765,17,5,0.021311,0.00637,0.018043,3.27E-05,0.014778,0.0085894,0.0034808,0.032065,0.03414,0.0040419,0,0,0.023926,0.048687,0.0074516,0.0096581,0.15159,0.28135,0.025546,0.070944,0.14207,0.0016431,0.29203,0.020629,0.019787,0.074318,0,0,0.072259,0.0037689,0.062758,0.0027936,15.023,2.7173,1.6536,6.9287,25.013,73.712,40.794,7.4694,8.4481,4.9952,0,0,4.0301,5.4625,1.4643,11.564,1
75,162,0.12468,0.0086975,49.741,5.3658,24,11,0.0098387,0.0082129,0.010676,0.035894,0.0009702,0.018608,0.022482,0.040087,0.019086,0.011987,0,0,0.027692,0.0043865,0.0010549,0.0020302,0.059519,0.16995,0.036707,0.070872,0.065134,0.020751,0.006483,0.0087382,0.090106,0.072943,0,0,0.11806,0.041535,0.066662,0.001082,2.8645,15.956,2.6435,5.9899,12.367,67.029,11.17,2.0522,2.0645,2.8136,0,0,11.283,18.819,0.73171,7.5667,1
74,16,0.10805,0.018994,64.815,13.101,12,19,0.0095305,0.05152,0.018402,0.049082,0.035544,0.023213,0.028475,0.0023643,0.0034929,0.036352,0.0049679,0,0.0035123,0.0094241,0.00077665,0.012948,0.03291,0.40958,0.087338,0.24255,0.41781,0.017549,0.011456,0.14487,0.0075137,0.24001,0.26506,0,0.13824,0.049845,0.014737,0.043836,4.2994,45.493,4.1193,17.816,30.626,69.521,3.619,14.673,8.008,7.7706,148.44,0,7.9296,15.503,4.3172,6.6063,1
475,1138,1.0179,0.040588,66.077,65.79,26,46,0.019352,0.026242,0.025299,0.0024278,0.027653,0.10356,0.006411,0.075267,0.049232,0.042642,0.007619,0,0.007945,0.0081676,0.01085,0.027157,0.018712,0.11499,0.020849,0.19989,0.12812,0.13611,0.0040393,0.10996,0.14317,0.13171,0.22439,0,0.16214,0.080128,0.38879,0.071961,0.87563,7.5898,12.103,9.2434,73.649,10.923,1.2957,12.885,14.861,3.1202,154.52,0,3.3657,12.327,5.0743,24.272,1
104,67,0.3008,0.0058128,39.048,25.42,25,3,0.033705,0.016231,0.015642,0.01281,0.032075,0.00087298,0.015641,0.024391,0.00036885,0.0031673,0,0,0.0039952,0.027944,0.011824,0.00088578,0.14987,0.22134,0.054355,0.093283,0.32124,0.013179,0.31446,0.067341,0.012332,0.0094355,0,0,0.1717,0.078093,0.11955,0.0035743,23.567,2.5989,8.5392,5.566,116.14,72.256,27.605,7.2096,4.264,6.5354,0,0,8.9194,9.7145,4.2094,0.14297,1
43,137,0.28259,0.030643,20.536,0.054147,16,19,0.011447,0.0050582,0.01099,0.021844,0.013988,0.0071807,0.02154,0.0054326,0.042407,0.01735,0,0,0.0022983,0.00025237,0.027655,0.018408,0.086293,0.23326,0.051658,0.083884,0.36511,0.068351,0.0753,0.10066,0.0025712,0.11257,0,0,0.035215,0.12551,0.18431,0.063598,13.551,25.178,0.97503,3.4687,18.876,74.908,14.957,11.455,19.678,6.1807,0,0,4.4135,10.659,10.061,3.8984,1
94,120,0.28822,0.00079725,29.99,3.1594,18,33,0.0028775,0.0032039,0.012114,0.010496,0.010801,0.040153,0.0213,0.063326,0.0066389,0.0022454,0,0,0.029325,0.072332,0.021185,0.014171,0.071044,0.20877,0.085342,0.20555,0.45064,0.63371,0.023139,0.11144,0.014794,0.004844,0,0,0.056897,0.049419,0.11007,0.037091,1.5607,3.3322,9.2597,8.1182,20.448,50.974,17.017,15.48,10.903,0.43776,0,0,2.3459,22.043,14.895,10.715,1
58,363,0.5021,0.029563,0.082062,23.902,27,15,0.019636,0.0016239,0.021214,0.0062346,0.016753,0.00087298,0.0070971,0.0017556,0.021333,0.015974,0,0,0.04366,0.0072201,0.016095,0.0027772,0.021691,0.092208,0.010156,0.07981,0.14898,0.013179,0.010298,0.0070015,0.053871,0.1031,0,0,0.053638,0.007785,0.12322,0.015923,3.2956,4.1243,3.4045,5.2915,16.096,72.256,9.2648,4.3799,22.659,1.8205,0,0,6.83,16.858,12.719,5.5745,1
146,300,0.24751,0.0063724,45.861,64.908,7,15,0.011082,0.0057795,0.0054238,0.013216,0.0088096,0.082517,0.051841,0.092831,0.0079867,0.025015,0.032399,0,0.033795,0.095718,0.028224,0.020645,0.20041,0.23308,0.018903,0.14087,0.44188,0.1052,0.11311,0.0079917,0.17084,0.098968,0.28527,0,0.067985,0.29797,0.1156,0.18433,8.9605,2.9872,3.336,7.6139,17.395,3.8472,31.111,2.9912,5.3364,1.7257,137.56,0,1.3826,9.7844,10.389,158.69,1
327,695,0.25331,0.014067,29.434,46.18,14,31,0.023677,0.015908,0.0092137,0.0053519,0.025516,0.026828,0.053801,0.0036481,0.022884,0.038254,0.0096976,0,0.011131,0.0040209,0.010612,0.0082834,0.14354,0.23317,0.040268,0.20394,0.0014528,0.025951,0.27482,0.048179,0.089692,0.064004,0.27137,0,0.072809,0.0094629,0.23252,0.031816,15.153,3.2992,5.9441,9.7181,30.683,12.49,44.581,2.6706,11.485,4.4481,141.19,0,0.52898,3.3613,4.3328,5.8636,1
8,138,0.5457,0.0042906,9.2203,12.084,15,9,0.013504,0.051385,0.0029136,0.0035957,0.039747,0.00087298,0.041037,0.010374,0.0061047,0.021448,0.0039174,0,0.0063282,0.036272,0.0030632,0.015076,0.17605,0.36297,0.13785,0.011183,0.34433,0.013179,0.20234,0.03846,0.086063,0.050458,0.28328,0,0.11618,0.045938,0.049616,0.029491,24.969,5.7456,10.077,1.1132,106.39,72.256,31.327,1.2987,7.4796,14.266,139.4,0,6.2228,6.0174,0.59043,20.408,1
63,392,0.19186,0.0056856,117.41,30.187,30,7,0.017727,0.008305,0.0070973,0.0059421,0.035582,0.00087298,0.00099157,0.016842,0.032967,0.017219,0.0013793,0,0.010681,0.027593,0.028879,0.020645,0.095589,0.33855,0.068392,0.075863,0.14266,0.013179,0.4268,0.05176,0.052901,0.098955,0.31492,0,0.13067,0.076685,0.031574,0.18433,2.6981,18.774,9.8064,1.5768,31.929,72.256,54.407,9.9576,1.8267,12.607,131.58,0,0.46744,0.002668,15.544,158.69,1
65,255,0.27474,0.012384,20.23,10.916,31,6,0.00096712,0.02762,0.0010516,0.045878,0.021208,0.0030812,0.03569,0.012403,0.010159,0.021151,0.0064103,0,0.01406,0.0065279,0.0071508,0.0084623,0.037877,0.31478,0.017847,0.1581,0.30825,0.0043996,0.11695,0.097776,0.019469,0.063277,0.29565,0,0.10355,0.0052389,0.30133,0.0076598,3.5631,0.79456,0.38723,2.7383,108.91,19.963,13.445,3.3723,8.6109,4.5551,143.9,0,8.3672,11.718,2.962,13.844,1
226,458,0.0088928,0.018812,22.388,4.1914,37,27,0.0056685,0.023072,0.031091,0.0078484,0.026397,0.030794,0.037661,0.019461,0.001704,0.038422,0.035409,0,0.023238,0.0043782,0.016825,0.0053166,0.0032325,0.30645,0.027681,0.12614,0.2532,0.0296,0.0202,0.083789,0.088257,0.1279,0.37009,0,0.082167,0.037748,0.12632,0.049968,8.5209,3.2408,9.3321,7.001,29.938,67.679,26.856,8.7435,14.194,3.1254,104.26,0,7.5046,16.847,12.075,16.333,1
128,428,0.157,0.0026953,15.335,15.647,38,20,0.0049511,0.0029515,0.018058,0.018173,0.039371,0.0074604,0.02554,0.034649,0.028834,0.0069477,0.01215,0,0.038141,0.010312,0.0127,0.0016367,0.074338,0.16577,0.0054345,0.14482,0.065147,0.0042642,0.24513,0.024337,0.034058,0.017607,0.30197,0,0.072534,0.023676,0.12863,0.0069382,5.4917,2.4508,3.2222,11.456,16.26,82.297,29.854,14.344,0.76269,2.8125,135.74,0,11.767,12.861,6.7358,9.5409,1
91,26,0.19338,0.0074326,15.417,4.8145,24,21,0.014781,0.0057606,0.024039,0.029784,0.013396,0.01478,0.035789,0.0062171,0.003038,0.0097528,0.017885,0,0.034844,0.028044,0.0068977,0.010225,0.076077,0.16254,0.040962,0.19686,0.12859,0.033183,0.026954,0.040211,0.11409,0.013472,0.28884,0,0.069792,0.01473,0.35452,0.020661,2.1234,7.9058,14.185,9.4353,8.8238,72.832,28.545,7.4247,11.666,5.9537,131.02,0,4.1713,7.4992,0.56577,18.908,1
29,594,0.54623,0.056825,38.832,11.476,27,14,0.024374,0.016884,0.0043845,0.012276,0.039725,0.012184,0.059493,0.00027991,0.056133,0.0062166,0.0014323,0,0.074953,0.015156,0.0049179,0.01089,0.15051,0.2248,0.011831,0.18479,0.35906,0.0017269,0.20178,0.048232,0.0023809,0.010424,0.3845,0,0.00037116,0.013743,0.11727,0.0016267,2.4559,3.009,1.1186,13.032,38.642,58.869,43.583,4.2972,0.17793,7.1895,129.95,0,8.803,7.7265,1.1244,24.393,1
104,224,0.27693,0.0060535,60.958,22.75,27,11,0.025907,0.00069864,0.01236,0.018525,0.039939,0.0040531,0.044448,0.032677,0.068117,0.014668,0.011243,0,0.025527,0.0036831,0.0012713,0.0011083,0.15287,0.35091,0.087175,0.32388,0.34625,0.00064921,0.25091,0.046983,0.12574,0.084813,0.28034,0,0.12112,0.001936,0.13219,0.01252,16.278,18.158,11.699,24.207,39.904,3.1094,37.221,2.2201,14.875,1.8271,138.93,0,6.9913,11.122,0.35717,5.5801,1
96,134,0.029376,0.00012848,35.457,13.884,28,25,0.0059066,0.0067488,0.022001,0.0050756,0.037047,0.0035764,0.033344,0.0036046,0.027077,0.020783,0,0,0.045264,0.019643,0.0016356,0.00406,0.16621,0.26333,0.034891,0.15669,0.12186,0.0046324,0.29943,0.027856,0.11872,0.088679,0,0,0.043594,0.032902,0.14884,0.019226,5.3005,0.71353,3.0655,9.8033,35.782,78.9,45.42,8.4978,16.657,2.932,0,0,5.1414,13.563,0.56349,5.2377,1
302,238,0.052579,0.012649,27.55,18.496,28,7,0.013856,0.0033126,0.011831,0.040367,0.020161,0.01046,0.0808,0.013914,0.025875,0.0062381,0.031893,0,0.034324,0.036965,0.0090705,0.016723,0.12313,0.019934,0.0052468,0.11313,0.22279,0.00088309,0.15727,0.045511,0.089093,0.15339,0.34204,0,0.06838,0.061077,0.097744,0.035957,4.6686,11.178,3.4194,5.5854,90.963,69.247,28.484,3.7483,11.354,6.4856,106.91,0,1.5566,5.8045,1.5192,20.037,1
289,314,0.25401,0.031556,61.124,33.155,26,15,0.041504,0.024684,0.012368,0.041217,0.00068611,0.025913,0.085875,0.0096761,0.015113,0.010171,0.057596,0.0083877,0.032598,0.0016539,0.005117,0.001895,0.18321,0.17586,0.090675,0.23156,0.25158,0.0091294,0.12964,0.015593,0.017454,0.044308,0.432,0.26908,0.097752,0.077564,0.0014785,0.0038491,8.9407,1.1546,11.342,9.0723,106.06,64.18,18.436,14.736,8.6625,2.9902,89.309,138.51,6.4166,15.227,3.9281,1.7438,1
325,656,0.014032,0.01048,10.993,23.192,38,35,0.0061094,0.035445,0.0088096,0.01421,0.034192,0.0031058,0.074769,0.007633,0.011343,0.013598,0.014138,0,0.023078,0.025429,0.0059312,2.81E-05,0.014237,0.11555,0.011661,0.15872,0.18776,0.0058939,0.32826,0.030416,0.12167,0.055607,0.27145,0,0.069924,0.064831,0.034262,0.01025,1.1332,4.3702,5.4006,5.6686,17.473,81.639,44.059,13.006,1.9178,1.7626,140.2,0,5.1643,5.5572,2.9792,4.0631,1
