102,1878,1.6105,0.10745,243.28,243.48,11,13,0.041131,0.054201,0.12069,0.096557,0.0030804,0.0094624,0.038745,0.094742,0.015824,0.04046,0,0,0.051181,0.031071,0.00026029,0.0061379,0.11625,0.099014,0.33597,0.11492,0.014387,0.011536,0.0090553,0.10044,0.05656,0.16369,0,0,0.0094615,0.074217,0.14197,0.044235,40.969,56.056,11.746,53.689,82.642,145.97,40.087,72.314,24.396,36.298,0,0,25.919,14.431,8.8703,6.1216,0
135,1659,2.0409,0.1405,330.07,233.08,4,19,0.029659,0.068784,0.11333,0.060631,0.012667,0.019481,0.019743,0.086719,0.030878,0.048405,0,0,0.047415,0.022003,0.0082462,0.017826,0.024182,0.21041,0.27371,0.11485,0.22159,0.033929,0.30757,0.11233,0.013759,0.016425,0,0,0.03634,0.11198,0.14588,0.042524,53.128,42.817,7.4489,54.628,45.261,139.28,10.463,62.792,30.78,28.489,0,0,18.666,1.0742,9.6029,13.009,0
134,1837,1.8082,0.15079,215.51,214.62,16,27,0.01029,0.0090512,0.084248,0.047443,0.023847,0.024086,0.013751,0.12917,0.053456,0.072769,0.0049679,0,0.071594,0.0081921,0.007968,0.0028479,0.0024262,0.029218,0.22308,0.28653,0.57426,0.030728,0.28963,0.023801,0.068833,0.15064,0.26506,0,0.056516,0.12029,0.093953,0.085278,51.693,13.28,5.9731,42.802,27.003,141.78,2.9117,79.518,24.836,23.532,148.44,0,22.019,4.39,14.652,1.1644,0
535,2959,2.9341,0.17239,214.25,161.93,2,54,0.039173,0.086813,0.077351,0.094097,0.015955,0.10443,0.035815,0.20207,0.099195,0.07906,0.007619,0,0.067162,0.0094486,0.0036586,0.011361,0.054048,0.26537,0.33127,0.24386,0.28458,0.14929,0.30512,0.011112,0.21951,0.042344,0.22439,0,0.080419,0.15058,0.468,0.1134,55.117,51.183,2.011,51.374,16.02,83.179,0.58846,77.729,17.983,34.423,154.52,0,26.583,7.5664,15.409,18.83,0
164,1888,1.6155,0.13761,241.28,202.3,3,11,0.053526,0.04434,0.087008,0.083714,0.020378,0,0.026585,0.10242,0.050332,0.039585,0,0,0.071111,0.010328,0.019015,0.016682,0.11454,0.15902,0.25607,0.13726,0.16479,0,0.013374,0.053729,0.064016,0.079932,0,0,0.089984,0.14854,0.040332,0.045016,32.426,61.372,1.5533,55.052,58.516,0,26.897,72.054,28.58,37.838,0,0,21.03,10.178,6.1252,5.2989,0
103,1684,1.6337,0.10116,259.79,227.66,12,27,0.0083738,0.065629,0.11364,0.07468,0.0022909,0.0080537,0.020686,0.13224,0.0075564,0.019068,0,0,0.077405,0.017364,0.034847,0.034204,0.050957,0.1471,0.25876,0.12786,0.52156,0.08153,0.22578,0.020412,0.078918,0.20193,0,0,0.11694,0.055062,0.26353,0.022156,42.442,33.594,11.067,57.149,38.753,147.16,14.25,76.299,13.166,37.484,0,0,34.363,30.552,0.27368,1.5436,0
154,1701,2.2045,0.1326,250.34,224.56,10,41,0.022698,0.057367,0.11476,0.086029,0.0008958,0.041026,0.020925,0.19013,0.043325,0.034172,0,0,0.045781,0.089948,0.028376,0.029967,0.035708,0.17159,0.39576,0.24952,0.60709,0.64689,0.27795,0.0096287,0.091141,0.084524,0,0,0.13862,0.021029,0.18929,0.0043503,54.432,62.105,19.352,52.5,78.076,21.283,16.309,80.324,21.941,30.865,0,0,27.603,2.1503,4.5601,16.157,0
2,1458,1.4142,0.10224,280.41,203.82,1,23,0.039457,0.058947,0.081436,0.09029,0.0050562,0,0.049323,0.12505,0.028631,0.020444,0,0,0.031447,0.024836,0.023287,0.013019,0.013645,0.28815,0.30026,0.12379,0.30544,0,0.31138,0.11407,0.13022,0.19247,0,0,0.028083,0.062664,0.044006,0.025519,52.697,62.897,6.6879,55.326,73.725,0,8.5576,60.465,10.185,29.482,0,0,23.119,3.0352,2.3845,0.13261,0
206,2121,2.1638,0.13817,234.47,162.81,21,23,0.0087385,0.054792,0.10807,0.10974,0.0028876,0.08339,0.0096154,0.21964,0.041977,0.061433,0.032399,0,0.041312,0.11333,0.035415,0.036441,0.16507,0.14728,0.32932,0.18485,0.59834,0.11838,0.18797,0.11308,0.24719,0.0095999,0.28527,0,0.14971,0.22753,0.19481,0.22577,47.032,61.76,6.7564,53.004,75.023,76.104,30.404,61.853,27.508,29.577,137.56,0,31.332,29.677,0.054043,153.25,0
387,2516,2.1696,0.14586,250.89,181.54,14,39,0.043497,0.076479,0.11186,0.10188,0.013819,0.027701,0.011576,0.13045,0.02708,0.074672,0.0096976,0,0.086237,0.013595,0.017803,0.0075126,0.1082,0.14719,0.35069,0.24792,0.155,0.03913,0.02626,0.072891,0.16604,0.025364,0.27137,0,0.0089112,0.079911,0.15331,0.073257,40.839,55.474,16.037,50.9,88.311,84.746,43.874,67.515,21.36,35.751,141.19,0,29.42,16.532,6.0019,0.42164,0
68,1959,1.3706,0.12751,271.11,239.8,13,17,0.0063162,0.0091863,0.10556,0.092929,0.02805,0,0.0011882,0.11643,0.043859,0.057866,0.0039174,0,0.068778,0.018655,0.010255,0.00072033,0.14072,0.017392,0.17257,0.055159,0.18788,0,0.098746,0.08261,0.16241,0.03891,0.28328,0,0.034459,0.11639,0.0296,0.070933,31.024,64.518,0.015807,59.505,48.765,0,30.62,66.143,25.365,45.569,139.4,0,23.726,13.876,10.925,14.966,0
3,1429,1.7244,0.13748,397.74,257.91,2,15,0.0020931,0.052266,0.10975,0.10247,0.023884,0,0.041234,0.10996,0.016996,0.053637,0.0013793,0,0.064425,0.04521,0.036071,0.036441,0.060253,0.041809,0.24203,0.11984,0.013801,0,0.12572,0.17283,0.12925,0.18832,0.31492,0,0.048946,0.0062367,0.047642,0.22577,53.295,39.999,0.28609,59.041,89.558,0,53.699,54.887,31.017,43.91,131.58,0,29.482,19.89,5.2098,153.25,0
125,1566,1.6415,0.11941,260.1,238.63,3,14,0.018853,0.032951,0.1016,0.050646,0.0095112,0.0039542,0.0065352,0.13921,0.039805,0.015267,0.0064103,0,0.061046,0.011088,4.0585e-05,0.0073337,0.0025412,0.065586,0.29257,0.20207,0.15179,0.017578,0.18413,0.023293,0.056878,0.15264,0.29565,0,0.021827,0.075687,0.22211,0.049101,52.43,57.978,10.48,57.88,51.277,92.22,12.737,68.217,24.233,35.858,143.9,0,21.582,8.1753,13.297,8.4017,0
286,2279,1.9252,0.15061,257.94,223.53,9,35,0.014152,0.037499,0.13374,0.10437,0.0147,0.031667,0.0045646,0.14627,0.048259,0.07484,0.035409,0,0.051869,0.021994,0.0096338,0.010479,0.038569,0.073914,0.28274,0.17011,0.40965,0.042779,0.28089,0.037281,0.1646,0.038534,0.37009,0,0.00044647,0.1082,0.20553,0.09141,64.514,55.532,0.76037,53.617,87.567,139.94,26.149,73.588,47.038,28.178,104.26,0,22.444,3.0462,22.409,10.891,0
188,1393,1.7593,0.1291,295.66,243.37,10,28,0.014869,0.063523,0.084592,0.078352,0.027674,0.0083333,0.016686,0.092158,0.021129,0.043366,0.01215,0,0.036966,0.0073038,0.0055082,0.017433,0.039002,0.21459,0.31585,0.18879,0.2216,0.0089146,0.055958,0.14541,0.11041,0.10697,0.30197,0,0.0091869,0.094124,0.049417,0.04838,50.501,61.224,13.315,49.162,41.369,154.55,29.147,50.501,33.607,34.116,135.74,0,18.182,7.0316,17.07,4.099,0
151,1795,2.1096,0.13923,295.74,232.53,4,29,0.0050391,0.066332,0.078611,0.066741,0.0016991,0.015653,0.0064362,0.13302,0.046925,0.026665,0.017885,0,0.040263,0.010428,0.00029363,0.0055705,0.040741,0.21782,0.26946,0.24083,0.28505,0.046362,0.27413,0.080859,0.19044,0.075896,0.28884,0,0.011929,0.085178,0.2753,0.062103,53.869,50.867,4.0924,51.183,48.805,145.09,27.838,72.269,21.178,37.257,131.02,0,25.778,12.394,10.9,13.466,0
89,1227,1.37,0.074973,319.16,239.2,1,22,0.0045538,0.043687,0.10703,0.084248,0.028028,0.013057,0.017268,0.12709,0.0061691,0.030201,0.0014323,0,0.00015405,0.0024607,0.0022734,0.0049055,0.11517,0.15556,0.29859,0.22876,0.51552,0.011452,0.099303,0.072838,0.073966,0.099792,0.3845,0,0.082092,0.056705,0.038059,0.039815,53.537,61.782,8.9738,47.586,96.27,131.13,42.875,60.547,33.022,24.113,129.95,0,21.146,12.166,9.2102,18.951,0
164,1597,2.1932,0.13785,341.29,250.47,1,19,0.0060861,0.06127,0.09029,0.078,0.028242,0.0049261,0.0022228,0.15948,0.018154,0.051085,0.011243,0,0.049579,0.021299,0.0084627,0.014688,0.11753,0.029454,0.3976,0.36785,0.18979,0.013828,0.050173,0.074087,0.20209,0.004555,0.28034,0,0.039404,0.068512,0.052973,0.053962,39.714,40.615,21.792,36.411,97.533,69.147,36.514,67.064,17.969,29.476,138.93,0,22.958,8.7713,9.9775,0.13817,0
156,1687,1.8869,0.13193,315.79,241.6,0,33,0.025727,0.053822,0.080649,0.1016,0.02535,0.0044494,0.0088819,0.13041,0.022886,0.057201,0,0,0.029842,0.0020272,0.0088269,0.011736,0.13087,0.11703,0.34531,0.20067,0.27832,0.0085464,0.001654,0.093214,0.19506,0.00068827,0,0,0.038127,0.10335,0.069624,0.060668,50.692,58.059,13.158,50.815,93.41,151.16,44.712,56.347,16.187,28.371,0,0,24.808,6.3297,9.7711,0.20423,0
362,2059,1.9688,0.14445,307.88,209.22,0,15,0.0059646,0.063884,0.11448,0.056158,0.0084639,0.011333,0.038574,0.11289,0.024088,0.042656,0.031893,0,0.040782,0.019348,0.0018791,0.00092749,0.087794,0.4003,0.30517,0.15711,0.066332,0.012296,0.14382,0.075559,0.16544,0.064022,0.34204,0,0.013341,0.13153,0.018528,0.077398,51.324,69.951,6.673,55.033,33.335,141.5,27.777,68.593,44.198,37.789,106.91,0,28.392,14.089,8.8154,14.595,0
349,2135,2.1703,0.16335,341.45,194.56,2,23,0.021684,0.085255,0.11502,0.055307,0.012383,0.026786,0.04365,0.11713,0.065076,0.026247,0.057596,0.0083877,0.042509,0.01927,0.012308,0.017691,0.14788,0.2045,0.21975,0.27554,0.095122,0.022308,0.17144,0.13666,0.093801,0.04506,0.432,0.26908,0.016031,0.14801,0.077737,0.045291,47.052,57.618,1.2491,51.546,48.433,136.44,17.729,50.108,41.507,34.293,89.309,138.51,23.532,4.6658,6.4065,3.6981,0
385,2477,1.9022,0.14228,269.34,204.53,10,43,0.02593,0.096016,0.11146,0.11073,0.022495,0.0039788,0.032543,0.11917,0.061307,0.050016,0.014138,0,0.052029,0.0078133,0.013123,0.015768,0.0211,0.26482,0.32208,0.20269,0.031304,0.0072849,0.027178,0.15149,0.19802,0.033761,0.27145,0,0.011796,0.13528,0.11348,0.031191,54.859,63.143,4.6918,54.949,40.155,153.89,43.351,51.838,30.926,33.066,140.2,0,24.785,14.336,7.3554,1.3789,0
130,2167,1.4972,0.022502,385.72,236.11,32,23,0.055232,0.070671,0.1169,0.091744,0.013979,0.0094624,0.0060118,0.061199,0.014881,0.019104,0.042976,0.0073502,0.078219,0.077691,0.0075561,0.0016799,0.26389,0.18454,0.32878,0.035545,0.10151,0.011536,0.0057393,0.0795,0.11398,0.081672,0.52726,0.33742,0.038055,0.057507,0.033561,0.014841,31.911,56.412,3.6247,30.571,126.06,145.97,52.56,32.575,19.917,12.168,152.93,195.99,34.994,23.862,1.3578,28.759,0
163,1948,1.9276,0.055547,472.51,225.71,25,29,0.04376,0.085253,0.10954,0.055818,0.029727,0.019481,0.025013,0.053176,0.029935,0.02705,0.042976,0.0073502,0.074452,0.024617,0.016063,0.013368,0.17182,0.29594,0.26653,0.035617,0.30872,0.033929,0.30425,0.09139,0.1843,0.065588,0.52726,0.33742,0.0077462,0.095273,0.029657,0.016552,44.069,69.65,0.6724,31.509,88.678,139.28,22.936,23.054,26.3,4.359,152.93,195.99,27.74,10.506,0.62518,9.6286,0
162,2126,1.6948,0.065843,357.96,207.25,37,37,0.02439,0.025521,0.080458,0.04263,0.0067872,0.024086,0.031006,0.095628,0.052514,0.051414,0.038008,0.0073502,0.098632,0.038428,0.015784,0.00161,0.14521,0.05631,0.21589,0.13606,0.66139,0.030728,0.28631,0.044742,0.1017,0.23266,0.2622,0.33742,0.027922,0.10358,0.081581,0.026201,42.635,99.187,2.1482,19.683,70.42,141.78,15.385,39.779,20.357,0.59795,4.4865,195.99,31.094,13.822,4.4237,23.802,0
563,3248,2.8208,0.087437,356.69,154.56,23,64,0.053273,0.10328,0.073561,0.089284,0.0011039,0.10443,0.0089419,0.16853,0.098253,0.057705,0.035357,0.0073502,0.094199,0.037171,0.0041578,0.015819,0.09359,0.3509,0.32408,0.093398,0.3717,0.14929,0.30181,0.0098288,0.048975,0.12436,0.30287,0.33742,0.051825,0.13387,0.29247,0.054326,46.058,61.284,10.132,28.256,27.397,83.179,13.062,37.991,13.504,10.293,1.5902,195.99,35.658,16.998,5.1808,41.467,0
192,2177,1.5021,0.052662,383.72,194.93,24,21,0.067626,0.060809,0.083218,0.078901,0.003319,0,0.018172,0.068873,0.04939,0.01823,0.042976,0.0073502,0.098149,0.056948,0.026832,0.012224,0.26217,0.24455,0.24888,0.013207,0.07766,0,0.01669,0.032788,0.10652,0.0020808,0.52726,0.33742,0.06139,0.13183,0.21587,0.01406,23.367,51.095,6.568,31.933,15.099,0,39.371,32.315,24.101,13.708,152.93,195.99,30.104,19.61,4.1029,17.338,0
131,1973,1.5203,0.016206,402.23,220.29,33,37,0.022474,0.082099,0.10985,0.069867,0.014768,0.0080537,0.024071,0.098696,0.0066138,0.0022877,0.042976,0.0073502,0.10444,0.029256,0.042663,0.029746,0.19859,0.23263,0.25158,0.022605,0.60869,0.08153,0.22247,0.00052891,0.091619,0.11992,0.52726,0.33742,0.14553,0.071772,0.087994,0.081232,33.383,78.873,2.9462,34.031,82.17,147.16,26.723,36.561,8.687,13.353,152.93,195.99,43.437,39.984,9.9544,21.094,0
182,1990,2.0911,0.047647,392.78,217.19,31,51,0.036798,0.073837,0.11097,0.081216,0.017955,0.041026,0.023831,0.15659,0.042382,0.012817,0.042976,0.0073502,0.072819,0.043329,0.036192,0.025509,0.18335,0.25712,0.38858,0.099058,0.69422,0.64689,0.27463,0.011312,0.079397,0.0025108,0.52726,0.33742,0.16721,0.0043186,0.013756,0.054726,45.373,50.362,11.231,29.381,121.49,21.283,28.783,40.586,17.462,6.7349,152.93,195.99,36.678,7.2813,14.788,6.4801,0
30,1747,1.3008,0.017286,422.85,196.45,22,33,0.053557,0.075417,0.077646,0.085477,0.012003,0,0.0045661,0.091508,0.027688,0.00091179,0.042976,0.0073502,0.058484,0.021784,0.031103,0.0085608,0.13399,0.37368,0.29308,0.026679,0.39257,0,0.30807,0.093127,0.04032,0.11045,0.52726,0.33742,0.056677,0.045953,0.21954,0.033557,43.638,49.57,1.4334,32.208,117.14,0,21.031,20.726,5.7061,5.3521,152.93,195.99,32.194,12.467,12.613,22.77,0
234,2410,2.0504,0.053222,376.91,155.44,42,33,0.022839,0.071261,0.10428,0.10493,0.019947,0.08339,0.054372,0.18609,0.041034,0.040078,0.010577,0.0073502,0.068349,0.066714,0.043232,0.031983,0.31271,0.23281,0.32214,0.034381,0.68546,0.11838,0.18465,0.092137,0.076655,0.091613,0.24199,0.33742,0.1783,0.24424,0.019278,0.1667,37.973,50.707,1.3649,29.885,118.44,76.104,42.877,22.115,23.029,5.447,15.366,195.99,40.406,39.109,10.282,175.89,0
415,2805,2.0562,0.060916,393.34,174.17,35,49,0.057598,0.092949,0.10807,0.097063,0.0032406,0.027701,0.056332,0.096912,0.026137,0.053317,0.033279,0.0073502,0.11328,0.033025,0.025619,0.0030546,0.25584,0.23272,0.3435,0.097455,0.24213,0.03913,0.022944,0.05195,0.004498,0.056649,0.25589,0.33742,0.037505,0.063201,0.32884,0.014181,31.781,56.993,7.9152,27.781,131.73,84.746,56.347,27.776,16.88,11.621,11.737,195.99,38.495,25.963,4.2263,23.059,0
96,2248,1.2572,0.042559,413.55,232.43,34,27,0.020417,0.025656,0.10177,0.088116,0.010991,0,0.043568,0.08289,0.042916,0.03651,0.039059,0.0073502,0.095816,0.065275,0.018071,0.0037377,0.28836,0.10292,0.16538,0.095306,0.10075,0,0.09543,0.061669,0.0081272,0.043103,0.24398,0.33742,0.005865,0.099676,0.14593,0.011856,21.965,47.949,8.1055,36.386,5.3476,0,43.093,26.405,20.885,21.439,13.527,195.99,32.801,23.307,0.69696,37.603,0
25,1718,1.611,0.052535,540.18,250.54,19,25,0.016194,0.068736,0.10596,0.097653,0.0068252,0,0.0035226,0.076421,0.016054,0.032282,0.041597,0.0073502,0.091463,0.0014103,0.043887,0.031983,0.20789,0.12734,0.23484,0.030626,0.10093,0,0.12904,0.15189,0.04129,0.10631,0.21234,0.33742,0.020352,0.022947,0.12789,0.1667,44.236,72.469,7.8352,35.922,132.97,0,66.173,15.148,26.538,19.78,21.351,195.99,38.556,29.322,15.438,175.89,0
153,1855,1.5281,0.034466,402.54,231.26,18,24,0.032954,0.049421,0.097809,0.045833,0.007548,0.0039542,0.038221,0.10567,0.038862,0.0060882,0.036566,0.0073502,0.088084,0.035532,0.0078569,0.0028757,0.15018,0.15111,0.28539,0.05161,0.064668,0.017578,0.18081,0.0023524,0.11366,0.070631,0.23161,0.33742,0.0067666,0.058977,0.39765,0.0099747,43.371,54.489,2.3584,34.761,7.8598,92.22,25.211,28.478,19.754,11.728,9.0309,195.99,30.657,17.607,3.0686,31.039,0
314,2568,1.8118,0.065662,400.38,216.16,12,45,0.028252,0.053968,0.12995,0.09956,0.0023592,0.031667,0.040192,0.11272,0.047317,0.053484,0.007567,0.0073502,0.078906,0.024625,0.0018175,0.0060214,0.10907,0.15944,0.27555,0.019646,0.49678,0.042779,0.27757,0.01634,0.0059336,0.12055,0.15717,0.33742,0.028147,0.091486,0.03,0.032334,55.455,56.935,7.3609,30.498,130.98,139.94,38.622,33.849,42.559,4.0472,48.671,195.99,31.519,12.478,12.181,33.528,0
216,1682,1.6459,0.044154,438.11,236,11,38,0.02897,0.079992,0.080802,0.073539,0.010614,0.0083333,0.028071,0.058615,0.020187,0.02201,0.030826,0.0073502,0.064004,0.039316,0.0023081,0.012975,0.18664,0.30012,0.30867,0.038328,0.30873,0.0089146,0.052642,0.12447,0.060132,0.024962,0.22529,0.33742,0.037781,0.077414,0.22495,0.010696,41.442,51.244,5.1934,26.043,84.786,154.55,41.62,10.762,29.128,9.9851,17.187,195.99,27.257,16.463,6.8423,26.736,0
179,2084,1.9963,0.054282,438.19,225.16,25,39,0.019139,0.082801,0.074821,0.061928,0.01536,0.015653,0.03832,0.099481,0.045983,0.0053096,0.025091,0.0073502,0.0673,0.057048,0.00811,0.0011125,0.18838,0.30335,0.26227,0.090369,0.37217,0.046362,0.27081,0.059918,0.019904,0.0061172,0.23842,0.33742,0.040522,0.068468,0.45084,0.003027,44.811,61.6,12.214,28.064,92.222,145.09,40.311,32.531,16.699,13.126,21.904,195.99,34.853,21.825,0.67229,36.103,0
117,1516,1.2567,0.0099756,461.6,231.82,22,32,0.0095466,0.060156,0.10324,0.079435,0.010968,0.013057,0.062024,0.093543,0.0071117,0.0088459,0.041544,0.0073502,0.027192,0.044159,0.01009,0.00044755,0.26281,0.24109,0.2914,0.078298,0.60265,0.011452,0.095987,0.051897,0.096571,0.017779,0.14275,0.33742,0.11069,0.039994,0.21359,0.019261,44.478,50.685,0.85252,24.467,139.69,131.13,55.349,20.809,28.543,0.016884,22.98,195.99,30.221,21.598,1.0179,41.588,0
192,1886,2.0798,0.052903,483.73,243.1,22,29,0.0080143,0.077739,0.0865,0.073186,0.011182,0.0049261,0.046979,0.12594,0.019096,0.02973,0.031733,0.0073502,0.076617,0.025321,0.016279,0.01023,0.26517,0.11498,0.39041,0.21739,0.10266,0.013828,0.046857,0.053146,0.031552,0.077458,0.24692,0.33742,0.01081,0.051802,0.22851,0.0051143,30.656,71.852,13.67,13.292,140.95,69.147,48.987,27.326,13.49,5.3455,13.996,195.99,32.032,18.203,0.25065,22.775,0
184,1976,1.7735,0.046978,458.23,234.23,21,43,0.039827,0.070292,0.076859,0.096787,0.0082903,0.0044494,0.035875,0.096868,0.021944,0.035846,0.042976,0.0073502,0.05688,0.048647,0.016643,0.007278,0.27851,0.20256,0.33812,0.050204,0.36544,0.0085464,0.001662,0.072273,0.024526,0.081325,0.52726,0.33742,0.06672,0.08664,0.24516,0.0015916,41.634,54.408,5.0366,27.696,136.83,151.16,57.186,16.608,11.707,4.2406,152.93,195.99,33.882,15.761,0.45697,22.433,0
390,2348,1.8555,0.059498,450.32,201.85,21,25,0.020065,0.080353,0.11069,0.051345,0.0085953,0.011333,0.083331,0.079349,0.023145,0.021301,0.011083,0.0073502,0.06782,0.065968,0.0059372,0.0053855,0.23543,0.48582,0.29799,0.0066451,0.020794,0.012296,0.1405,0.054618,0.0050977,0.14604,0.18522,0.33742,0.041934,0.11481,0.19406,0.018322,42.265,42.516,1.4483,31.914,10.082,141.5,40.25,28.854,39.719,13.658,46.017,195.99,37.467,23.52,1.4127,37.232,0
377,2424,2.0569,0.078405,483.89,187.19,23,33,0.0075831,0.10172,0.11123,0.050494,0.029443,0.026786,0.088406,0.083587,0.064134,0.0048911,0.014619,0.0010375,0.069546,0.02735,0.020125,0.013233,0.29551,0.29003,0.21256,0.12507,0.0079962,0.022308,0.16813,0.11572,0.076737,0.036953,0.095258,0.068341,0.012563,0.1313,0.097797,0.013785,37.993,54.849,9.3704,28.427,5.0164,136.44,30.203,10.369,37.027,10.163,63.619,57.483,32.607,14.097,3.8216,18.939,0
413,2766,1.7889,0.05733,411.78,197.16,11,53,0.04003,0.11249,0.10767,0.10592,0.0054353,0.0039788,0.0773,0.085631,0.060364,0.028661,0.028838,0.0073502,0.079067,0.054433,0.020939,0.01131,0.12654,0.35034,0.31489,0.052229,0.055822,0.0072849,0.030494,0.13054,0.027485,0.048252,0.25581,0.33742,0.04039,0.11857,0.062056,0.027885,45.801,49.324,3.4295,31.831,83.572,153.89,55.825,12.1,26.447,8.9352,12.725,195.99,33.859,23.767,2.8727,21.258,0
179,2100,1.4776,0.11096,465.37,264.95,18,22,0.047201,0.068731,0.099019,0.075006,0.018303,0.0020114,0.018535,0.080202,0.032587,0.042629,0.011604,0,0.1145,0.0466,0.011612,0.011681,0.03722,0.1778,0.31967,0.11555,0.058924,0.0089103,0.15802,0.081366,0.079578,0.0016583,0.41152,0,0.014287,0.14217,0.53631,0.072608,57.135,144.78,13.648,31.31,59.653,47.125,52.921,59.215,24.175,39.959,189.85,0,64.562,31.405,13.882,1.2538,0
212,1881,1.908,0.14401,552.16,254.55,11,28,0.035729,0.083314,0.091652,0.039079,0.002555,0.01203,0.00046685,0.07218,0.047641,0.050575,0.011604,0,0.11073,0.006474,0.020119,0.023369,0.054852,0.2892,0.25742,0.11548,0.14828,0.013483,0.14049,0.069475,0.0092584,0.14892,0.41152,0,0.060089,0.17993,0.53241,0.070896,69.294,131.54,17.946,32.248,22.272,53.808,23.297,49.693,30.558,32.15,189.85,0,57.309,18.048,14.615,20.384,0
211,2059,1.6752,0.1543,437.61,236.09,23,36,0.01636,0.023581,0.062574,0.025891,0.039069,0.016635,0.0064594,0.11463,0.07022,0.074939,0.0066363,0,0.13491,0.0073366,0.01984,0.0083909,0.08146,0.049573,0.20678,0.28716,0.50095,0.010282,0.12255,0.20561,0.091851,0.31599,0.14646,0,0.080265,0.18824,0.58434,0.11365,67.859,102,19.421,20.423,4.014,51.316,15.746,66.419,24.615,27.193,41.406,0,60.663,21.364,19.664,6.2111,0
612,3181,2.8012,0.1759,436.34,183.4,9,63,0.045242,0.10134,0.055677,0.072545,0.031178,0.096983,0.015605,0.18753,0.11596,0.08123,0.0039852,0,0.13048,0.0060801,0.0082139,0.0058183,0.13308,0.34416,0.31497,0.2445,0.21127,0.12884,0.13805,0.17069,0.24253,0.20769,0.18713,0,0.10417,0.21853,0.21029,0.14177,71.282,139.9,27.406,28.995,39.009,109.91,13.423,64.63,17.762,38.084,35.33,0,65.226,24.541,20.421,11.454,0
241,2110,1.4825,0.14112,463.37,223.77,10,20,0.059596,0.05887,0.065334,0.062163,0.035601,0.007451,0.0063746,0.087877,0.067096,0.041755,0.011604,0,0.13443,0.025857,0.030888,0.022225,0.035503,0.23781,0.23977,0.13789,0.2381,0.020446,0.18045,0.12808,0.087033,0.085411,0.41152,0,0.11373,0.21649,0.71862,0.073388,48.591,150.09,23.841,32.672,81.505,193.09,39.732,58.955,28.359,41.499,189.85,0,59.673,27.153,11.137,12.674,0
180,1906,1.5007,0.10467,481.88,249.13,19,36,0.014444,0.080159,0.091966,0.053129,0.017513,0.00060271,0.00047594,0.1177,0.02432,0.021237,0.011604,0,0.14072,0.0018351,0.046719,0.039747,0.028077,0.22589,0.24246,0.12849,0.44825,0.061084,0.058708,0.16139,0.10194,0.036591,0.41152,0,0.093187,0.012889,0.41476,0.0062162,58.607,122.32,14.327,34.77,15.764,45.929,27.084,63.2,12.945,41.144,189.85,0,73.006,47.526,5.2855,8.919,0
231,1923,2.0715,0.13611,472.43,246.03,17,50,0.028768,0.071897,0.093089,0.064478,0.014327,0.033575,0.0007153,0.17559,0.060088,0.036342,0.011604,0,0.1091,0.07442,0.040249,0.03551,0.043326,0.25038,0.37947,0.25015,0.53378,0.62645,0.11087,0.17218,0.11416,0.08082,0.41152,0,0.11487,0.08898,0.489,0.032723,70.597,150.83,6.0424,30.12,55.088,171.81,29.144,67.225,21.72,34.526,189.85,0,66.246,14.824,0.45175,23.533,0
79,1680,1.2812,0.10575,502.5,225.29,8,32,0.045527,0.073477,0.059761,0.068739,0.020279,0.007451,0.029113,0.11051,0.045394,0.022613,0.011604,0,0.094761,0.0093076,0.035159,0.018562,0.092679,0.36694,0.28397,0.12442,0.23213,0.020446,0.14431,0.067739,0.15324,0.027123,0.41152,0,0.004334,0.13061,0.72229,0.053891,68.862,151.62,18.707,32.947,50.736,193.09,21.392,47.365,9.9643,33.143,189.85,0,61.762,20.01,2.6273,7.2428,0
283,2343,2.0308,0.14168,456.56,184.28,28,32,0.014808,0.069322,0.0864,0.088189,0.012335,0.075939,0.029825,0.2051,0.05874,0.063603,0.020795,0,0.10463,0.097805,0.047288,0.041984,0.086039,0.22607,0.31303,0.18548,0.52503,0.097936,0.020894,0.068729,0.27021,0.17494,0.12625,0,0.12596,0.15957,0.48348,0.25414,63.198,150.48,18.638,30.624,52.034,116.99,43.238,48.754,27.287,33.238,52.286,0,69.975,46.652,4.9578,145.88,0
464,2738,2.0366,0.14938,472.99,203.01,21,48,0.049567,0.091009,0.090189,0.080325,0.029041,0.02025,0.031786,0.11592,0.043843,0.076842,0.0019067,0,0.14955,0.0019334,0.029675,0.013056,0.029165,0.22598,0.33439,0.24855,0.081693,0.018684,0.14082,0.10892,0.18906,0.13998,0.14015,0,0.014838,0.14786,0.83159,0.10163,57.005,144.19,9.358,28.52,65.322,108.35,56.708,54.416,21.138,39.412,48.657,0,68.063,33.506,11.014,6.9538,0
145,2181,1.2376,0.13102,493.2,261.27,20,26,0.012386,0.023716,0.083889,0.071378,0.043272,0.007451,0.019022,0.10189,0.060622,0.060035,0.0076869,0,0.13209,0.034184,0.022127,0.0062633,0.061685,0.096183,0.15627,0.055791,0.26119,0.020446,0.068331,0.099197,0.18543,0.12643,0.12824,0,0.058208,0.18434,0.64869,0.099305,47.189,153.24,25.379,37.125,71.753,193.09,43.454,53.044,25.143,49.23,50.447,0,62.369,30.85,15.937,7.5904,0
74,1651,1.5914,0.141,619.83,279.38,5,24,0.008163,0.066796,0.088073,0.080915,0.039107,0.007451,0.021024,0.095425,0.03376,0.055807,0.010225,0,0.12774,0.029681,0.047943,0.041984,0.018781,0.1206,0.22573,0.12047,0.05951,0.020446,0.2928,0.0089776,0.15227,0.022979,0.096598,0,0.072695,0.061714,0.63065,0.25414,69.46,128.72,25.108,36.662,66.569,193.09,66.534,41.788,30.796,47.571,58.271,0,68.125,36.865,0.19801,145.88,0
202,1788,1.5085,0.12293,482.19,260.1,4,23,0.024923,0.047482,0.079924,0.029095,0.024734,0.0034968,0.013675,0.12467,0.056568,0.017437,0.005194,0,0.12436,0.0044404,0.011913,0.012877,0.076493,0.14438,0.27628,0.20271,0.22511,0.0028676,0.017054,0.15851,0.079895,0.012699,0.11587,0,0.045576,0.14364,0.9004,0.077474,68.595,146.7,14.915,35.5,74.266,100.87,25.572,55.118,24.012,39.519,45.951,0,60.225,25.15,18.308,1.0262,0
363,2501,1.7922,0.15412,480.03,245,2,44,0.020222,0.052029,0.11207,0.082822,0.029922,0.024216,0.015645,0.13173,0.065023,0.077009,0.023805,0,0.11518,0.0064657,0.0022386,0.016022,0.1176,0.1527,0.26644,0.17074,0.33634,0.022333,0.11381,0.14453,0.18762,0.20388,0.041427,0,0.024195,0.17615,0.47275,0.11978,80.679,144.25,24.634,31.237,64.578,53.158,38.983,60.489,46.817,31.838,85.591,0,61.088,20.021,27.421,3.5155,0
265,1615,1.6263,0.13261,517.76,264.84,3,37,0.020939,0.078053,0.062918,0.056801,0.042896,0.00088235,0.0035242,0.077618,0.037893,0.045535,0.00054552,0,0.10028,0.0082249,0.0063642,0.022976,0.040032,0.29338,0.29956,0.18943,0.14829,0.011531,0.11112,0.0364,0.13342,0.058369,0.10955,0,0.014562,0.16207,0.72771,0.076752,66.666,149.94,12.08,26.782,18.38,38.54,41.981,37.402,33.386,37.776,54.107,0,56.825,24.006,22.082,3.2764,0
228,2017,1.9767,0.14274,517.84,254,11,38,0.011109,0.080862,0.056936,0.04519,0.016921,0.0082024,0.013774,0.11848,0.063689,0.028835,0.0062811,0,0.10358,0.025957,0.012166,0.011113,0.038293,0.29661,0.25316,0.24147,0.21174,0.025916,0.10705,0.10095,0.21346,0.089448,0.12268,0,0.01182,0.15313,0.95359,0.090476,70.035,139.59,29.487,28.803,25.816,48.005,40.672,59.17,20.957,40.917,58.824,0,64.421,29.368,15.912,6.0905,0
166,1449,1.2371,0.078485,541.25,260.67,8,31,0.0015161,0.058217,0.08536,0.062697,0.04325,0.0056055,0.037478,0.11255,0.010595,0.032371,0.010172,0,0.063468,0.013068,0.014146,0.010448,0.036135,0.23435,0.28229,0.2294,0.44221,0.0089942,0.067774,0.10897,0.096984,0.065552,0.027014,0,0.058343,0.12466,0.71635,0.068187,69.702,150.5,16.421,25.206,73.281,61.968,55.71,47.448,32.801,27.774,59.9,0,59.789,29.141,14.222,11.576,0
241,1819,2.0602,0.14136,563.38,271.94,8,28,1.6274e-05,0.0758,0.068616,0.056448,0.043464,0.0025249,0.022433,0.14494,0.0013901,0.053255,0.00036167,0,0.11289,0.0057706,0.020335,0.020231,0.038495,0.10824,0.3813,0.36849,0.2631,0.006618,0.1169,0.10772,0.22511,0.16079,0.13118,0,0.063153,0.13646,0.73126,0.082334,55.88,129.34,3.6029,14.031,74.544,123.95,49.348,53.965,17.748,33.137,50.916,0,61.601,25.746,14.989,7.2373,0
233,1909,1.7539,0.13544,537.88,263.07,7,42,0.031797,0.068352,0.058975,0.080049,0.040572,0.0030016,0.011328,0.11587,0.03965,0.059371,0.011604,0,0.093156,0.017556,0.020699,0.017279,0.051839,0.19582,0.32901,0.2013,0.20501,0.0119,0.16542,0.088593,0.21808,0.16466,0.41152,0,0.014378,0.1713,0.74791,0.08904,66.858,146.78,12.237,28.435,70.421,41.937,57.547,43.248,15.966,32.032,189.85,0,63.451,23.304,14.783,7.5797,0
439,2281,1.8359,0.14796,529.97,230.69,7,24,0.012035,0.078414,0.092806,0.034606,0.023686,0.0038824,0.058784,0.098353,0.040852,0.044826,0.020288,0,0.1041,0.034877,0.0099933,0.0046154,0.0087605,0.47909,0.28888,0.15774,0.13964,0.0081503,0.023261,0.10625,0.18846,0.22937,0.06948,0,0.010408,0.19948,0.69682,0.10577,67.489,158.67,18.721,32.653,56.324,51.59,40.611,55.494,43.977,41.449,82.937,0,67.035,31.063,13.827,7.2194,0
426,2357,2.0373,0.16687,563.54,216.03,9,32,0.015614,0.099785,0.093344,0.033756,0.0028391,0.019335,0.06386,0.10259,0.08184,0.028416,0.045991,0.0083877,0.10582,0.0037413,0.024181,0.023234,0.068842,0.28329,0.20345,0.27617,0.16843,0.0018622,0.0043646,0.045144,0.11682,0.12028,0.020483,0.26908,0.03978,0.21596,0.60055,0.073663,63.217,146.34,26.644,29.166,71.422,56.657,30.564,37.009,41.286,37.954,100.54,138.51,62.176,21.64,11.418,11.074,0
462,2699,1.7693,0.14579,491.43,226,3,52,0.032,0.11055,0.089785,0.089183,0.037717,0.0034722,0.052753,0.10463,0.07807,0.052186,0.0025337,0,0.11534,0.023342,0.024995,0.021311,0.10013,0.34361,0.30578,0.20333,0.10462,0.013161,0.19426,0.030321,0.22104,0.13158,0.14007,0,0.011953,0.20323,0.56481,0.059564,71.025,151.86,20.703,32.57,17.166,39.198,56.186,38.739,30.705,36.726,49.645,0,63.428,31.31,12.367,8.7543,0
11,1586,1.1904,0.055088,256.31,225.14,46,5,0.053679,0.070671,0.1133,0.049012,0.033866,0.0055167,0.02834,0.076337,0.012293,0.014823,0.013402,0,0.063962,0.058031,0.03387,0.019963,0.021854,0.18454,0.27779,0.11685,0.01737,0.0023645,0.066617,0.036684,0.036525,0.038609,0.376,0,0.18431,0.18024,0.18909,0.10678,62.8,56.412,5.7144,31.272,78.677,30.82,37.516,59.76,25.412,25.182,162.13,0,8.6167,9.7318,43.693,49.831,0
22,1367,1.6208,0.088132,343.1,214.74,39,11,0.042207,0.085253,0.10593,0.013086,0.018119,0.015535,0.0093389,0.068315,0.027347,0.022769,0.013402,0,0.060195,0.0049573,0.025363,0.0082746,0.11393,0.29594,0.21553,0.11678,0.22457,0.024758,0.2319,0.024793,0.033794,0.18587,0.376,0,0.23011,0.21801,0.19299,0.10506,74.959,69.65,1.4173,32.21,41.296,37.504,7.8925,50.238,31.796,17.373,162.13,0,1.3634,3.6245,44.425,30.7,0
21,1545,1.3881,0.098428,228.54,196.27,51,19,0.022838,0.025521,0.07685,0.00010232,0.054633,0.02014,0.0033464,0.11077,0.049926,0.047133,0.008434,0,0.084375,0.018768,0.025641,0.023253,0.14053,0.05631,0.1649,0.28846,0.57725,0.021557,0.21396,0.16093,0.048798,0.35294,0.11094,0,0.25029,0.22632,0.14107,0.14782,73.524,99.187,0.058443,20.384,23.038,35.012,0.34142,66.964,25.852,12.416,13.69,0,4.7172,0.30863,49.474,44.873,0
422,2667,2.514,0.12002,227.28,143.58,37,46,0.05172,0.10328,0.069953,0.046552,0.046741,0.10049,0.02541,0.18367,0.095664,0.053424,0.0057829,0,0.079942,0.017511,0.037268,0.037462,0.19216,0.3509,0.27309,0.2458,0.28756,0.14012,0.22945,0.12601,0.19948,0.24464,0.1516,0,0.27419,0.2566,0.51512,0.17594,76.948,61.284,8.0426,28.957,19.985,93.61,1.9819,65.175,18.999,23.307,7.6132,0,9.2811,2.8677,50.231,62.539,0
51,1596,1.1953,0.085248,254.31,183.95,38,3,0.066074,0.060809,0.07961,0.036169,0.051164,0.0039457,0.01618,0.084012,0.046802,0.013949,0.013402,0,0.083892,0.037288,0.014594,0.0094191,0.023571,0.24455,0.19789,0.13919,0.1618,0.0091711,0.089046,0.083396,0.04398,0.12236,0.376,0,0.28376,0.25457,0.0067814,0.10756,54.256,51.095,4.4783,32.634,62.481,176.79,24.327,59.5,29.596,26.722,162.13,0,3.7274,5.4798,40.948,38.41,0
10,1392,1.2135,0.048792,272.82,209.32,47,19,0.020922,0.082099,0.10624,0.027135,0.033077,0.004108,0.010282,0.11383,0.0040257,0.0065687,0.013402,0,0.090186,0.0095962,0.0012373,0.0081029,0.087151,0.23263,0.20058,0.12979,0.52455,0.072358,0.15011,0.11671,0.058883,0.00035978,0.376,0,0.076836,0.050962,0.31064,0.040385,64.272,78.873,5.0359,34.732,34.788,29.624,11.679,63.746,14.182,26.367,162.13,0,17.06,25.853,35.096,42.165,0
41,1409,1.7843,0.080232,263.37,206.21,45,33,0.035246,0.073837,0.10737,0.038484,0.02989,0.03708,0.010521,0.17173,0.039794,0.008536,0.013402,0,0.058562,0.062988,0.0052334,0.0038662,0.1024,0.25712,0.33758,0.25146,0.61008,0.63772,0.20227,0.1275,0.071106,0.11777,0.376,0,0.055154,0.12705,0.2364,0.066891,76.262,50.362,13.321,30.082,74.112,155.51,13.739,67.77,22.957,19.749,162.13,0,10.301,6.8489,30.262,27.552,0
111,1166,0.99399,0.049872,293.44,185.47,36,15,0.052004,0.075417,0.074038,0.042745,0.035842,0.0039457,0.038918,0.10665,0.0251,0.0051928,0.013402,0,0.044227,0.0021237,0.010323,0.013082,0.15175,0.37368,0.24208,0.12572,0.30842,0.0091711,0.23571,0.023056,0.11018,0.0098276,0.376,0,0.16569,0.16869,0.0031078,0.08806,74.528,49.57,0.65632,32.909,69.76,176.79,5.9872,47.911,11.202,18.366,162.13,0,5.8168,1.6634,32.438,43.842,0
93,1829,1.7436,0.085807,247.5,144.47,56,15,0.021286,0.071261,0.10068,0.062196,0.027898,0.079444,0.02002,0.20123,0.038446,0.035797,0.018997,0,0.054092,0.086374,0.0018059,0.01034,0.026965,0.23281,0.27114,0.18678,0.60132,0.10921,0.1123,0.024047,0.22716,0.21189,0.090729,0,0.044066,0.1215,0.24193,0.28831,68.863,50.707,0.72487,30.586,71.058,100.69,27.833,49.299,28.524,18.461,24.569,0,14.029,24.979,34.768,196.96,0
274,2224,1.7494,0.093501,263.92,163.19,49,31,0.056045,0.092949,0.10447,0.054331,0.044605,0.023756,0.02198,0.11205,0.023549,0.049036,0.0037043,0,0.099018,0.013365,0.015807,0.018588,0.029909,0.23272,0.29251,0.24985,0.15799,0.029958,0.049412,0.064234,0.146,0.17693,0.10463,0,0.18486,0.18594,0.10619,0.1358,62.67,56.993,10.005,28.482,84.346,92.043,41.303,54.961,22.376,24.635,20.94,0,12.118,11.833,40.824,44.131,0
45,1667,0.95039,0.075144,284.14,221.46,48,9,0.018864,0.025656,0.098166,0.045384,0.058836,0.0039457,0.0092161,0.098028,0.040328,0.032229,0.0094845,0,0.081559,0.045615,0.023355,0.025381,0.0026106,0.10292,0.11439,0.057093,0.18489,0.0091711,0.023074,0.054515,0.14238,0.16338,0.092719,0,0.22823,0.22241,0.076713,0.13347,52.854,47.949,6.0158,37.087,52.729,176.79,28.05,53.589,26.381,34.453,22.73,0,6.4241,9.1769,45.747,58.675,0
116,1137,1.3042,0.085121,410.77,239.56,33,7,0.014641,0.068736,0.10235,0.054922,0.05467,0.0039457,0.03083,0.09156,0.013466,0.028001,0.012023,0,0.077206,0.01825,0.0024612,0.01034,0.077855,0.12734,0.18385,0.12177,0.016784,0.0091711,0.20139,0.035705,0.10921,0.013972,0.061076,0,0.24272,0.099787,0.094755,0.28831,75.125,72.469,5.7455,36.624,85.593,176.79,51.129,42.333,32.034,32.794,30.554,0,12.179,15.192,29.612,196.96,0
12,1274,1.2214,0.067051,273.13,220.29,32,6,0.031401,0.049421,0.094201,0.0031011,0.040297,8.5073e-06,0.003869,0.12081,0.036274,0.010369,0.0069917,0,0.073827,0.015872,0.033569,0.018767,0.13557,0.15111,0.23439,0.20401,0.14881,0.0084073,0.10846,0.11383,0.036843,0.04965,0.08035,0,0.2156,0.18171,0.175,0.11164,74.26,54.489,4.4481,35.462,55.242,84.569,10.167,55.663,25.249,24.742,18.234,0,4.2797,3.4766,48.119,52.111,0
173,1987,1.505,0.098247,270.97,205.18,26,27,0.0267,0.053968,0.12634,0.056828,0.045486,0.027721,0.0058396,0.12786,0.044729,0.049203,0.022007,0,0.064649,0.0049656,0.043243,0.015621,0.17668,0.15944,0.22456,0.17205,0.41264,0.033608,0.20521,0.099844,0.14457,0.24083,0.0059045,0,0.19422,0.21422,0.25265,0.15395,86.344,56.935,5.2712,31.199,83.602,36.854,23.579,61.034,48.054,17.061,57.875,0,5.1422,1.6525,57.232,54.6,0
75,1101,1.3391,0.07674,308.69,225.02,25,20,0.027417,0.079992,0.077194,0.030807,0.05846,0.0043876,0.0062816,0.073753,0.017599,0.017729,0.0012521,0,0.049747,0.019656,0.039118,0.0086682,0.099106,0.30012,0.25767,0.19073,0.22459,0.00025652,0.019714,0.0082822,0.09037,0.09532,0.074027,0,0.18458,0.20015,0.0023032,0.11092,72.331,51.244,7.2831,26.744,37.404,22.236,26.577,37.947,34.623,22.999,26.391,0,0.88007,2.3329,51.893,47.808,0
38,1503,1.6895,0.086867,308.77,214.19,39,21,0.017587,0.082801,0.071213,0.019196,0.032485,0.011708,0.003968,0.11462,0.043395,0.0010286,0.0044835,0,0.053043,0.037388,0.033316,0.02053,0.097367,0.30335,0.21128,0.24277,0.28803,0.037191,0.19846,0.056266,0.17041,0.1264,0.08716,0,0.18184,0.1912,0.22819,0.12464,75.7,61.6,10.124,28.765,44.84,31.7,25.268,59.715,22.194,26.14,31.107,0,8.4756,7.6951,45.723,57.175,0
24,935,0.94987,0.02261,332.19,220.85,36,14,0.0079941,0.060156,0.099637,0.036703,0.058814,0.0091108,0.027672,0.10868,0.0096997,0.0045649,0.01197,0,0.012935,0.024499,0.031336,0.021195,0.022939,0.24109,0.24041,0.2307,0.5185,0.0022807,0.023631,0.064287,0.053931,0.1025,0.0085086,0,0.11168,0.16273,0.0090549,0.10236,75.367,50.685,2.9422,25.168,92.305,45.664,40.305,47.994,34.038,12.997,32.184,0,3.8438,7.4678,44.033,62.66,0
51,1305,1.773,0.085488,354.32,232.12,36,11,0.0064617,0.077739,0.082892,0.030455,0.059028,0.0009804,0.012627,0.14108,0.021684,0.025449,0.0021593,0,0.06236,0.0056607,0.025147,0.011413,0.020579,0.11498,0.33942,0.36979,0.18681,0.0046569,0.025499,0.063038,0.18205,0.19774,0.095661,0,0.23318,0.17454,0.0058595,0.1165,61.545,71.852,15.76,13.993,93.568,107.64,33.943,54.511,18.985,18.36,23.2,0,5.6555,4.0726,44.8,43.847,0
43,1395,1.4667,0.079563,328.82,223.26,35,25,0.038275,0.070292,0.073251,0.054055,0.056136,0.00050368,0.0015223,0.11201,0.019356,0.031565,0.013402,0,0.042623,0.028987,0.024783,0.014365,0.0072345,0.20256,0.28713,0.2026,0.2813,0.00062472,0.074018,0.043911,0.17503,0.20161,0.376,0,0.15564,0.20937,0.022511,0.12321,72.523,54.408,7.1264,28.397,89.445,25.633,42.142,43.793,17.203,17.255,162.13,0,7.5054,1.6311,44.593,43.505,0
249,1767,1.5487,0.092083,320.91,190.88,35,7,0.018512,0.080353,0.10708,0.0086127,0.03925,0.0073876,0.048979,0.094488,0.020557,0.01702,0.018491,0,0.053563,0.046308,0.035489,0.027028,0.050313,0.48582,0.24699,0.15904,0.06335,0.0031246,0.068144,0.061566,0.1454,0.26632,0.033958,0,0.18043,0.23755,0.028585,0.13994,73.155,42.516,0.64147,32.615,37.3,35.286,25.207,56.039,45.215,26.672,55.22,0,11.09,9.3898,43.638,58.304,0
236,1843,1.7501,0.11099,354.48,176.22,37,15,0.0091357,0.10172,0.10762,0.0077624,0.018403,0.02284,0.054054,0.098726,0.061546,0.00061009,0.044194,0.0083877,0.055289,0.00769,0.021301,0.0084099,0.009768,0.29003,0.16157,0.27747,0.09214,0.013137,0.09577,0.00046181,0.073766,0.15723,0.056005,0.26908,0.2098,0.25404,0.12485,0.10783,68.882,54.849,7.2807,29.128,52.398,40.352,15.159,37.554,42.523,23.177,72.823,138.51,6.2302,0.032835,41.229,40.011,0
272,2185,1.4821,0.089915,282.37,186.18,25,35,0.038478,0.11249,0.10406,0.06319,0.053281,3.3073e-05,0.042947,0.10077,0.057776,0.02438,0.00073602,0,0.06481,0.034773,0.020487,0.010333,0.15921,0.35034,0.2639,0.20463,0.028322,0.0018863,0.10285,0.014361,0.17799,0.16853,0.10454,0,0.18198,0.2413,0.16059,0.093732,76.69,49.324,1.3398,32.532,36.19,22.894,40.781,39.284,31.943,21.949,21.928,0,7.4825,9.6371,42.178,42.33,0
81,301,0.51888,0.02248,11.267,49.333,10,4,0.016642,0.011277,0.019861,0.0023109,0.0055025,0.00062398,0.036301,0.015282,0.0056208,0.0087699,0,0,0.013294,0.06334,0.016502,0.0087022,0.088824,0.025805,0.16404,0.079718,0.33044,0.070139,0.26718,0.043821,0.075755,0.026299,0,0,0.087583,0.1147,0.11248,0.038813,8.5902,14.963,11.584,3.6329,6.8912,4.1083,31.425,0.76327,2.0401,4.0927,0,0,3.1714,4.3532,0.37943,8.7893,1
114,82,0.9493,0.055524,98.058,38.934,17,2,0.0051697,0.02586,0.012493,0.038237,0.010245,0.010642,0.055303,0.023304,0.0094334,0.00082435,0,0,0.01706,0.010266,0.0079954,0.0029861,0.0032482,0.1372,0.10179,0.079646,0.12324,0.047745,0.031333,0.055711,0.0054353,0.12096,0,0,0.13338,0.15247,0.11638,0.037101,3.5688,1.7245,7.2871,2.6942,30.489,10.792,1.801,8.7583,4.3434,3.7161,0,0,10.425,17.709,0.35321,10.341,1
113,260,0.71657,0.06582,16.497,20.467,5,10,0.0142,0.033872,0.016584,0.051425,0.026269,0.015247,0.061296,0.019147,0.032012,0.02354,0.0049679,0,0.0071198,0.024077,0.0082736,0.011992,0.029857,0.10243,0.05116,0.25132,0.22943,0.050947,0.013393,0.080421,0.088028,0.28803,0.26506,0,0.15356,0.16078,0.064456,0.079855,2.1339,27.813,5.8113,14.52,48.748,8.2999,5.75,7.9673,1.6,8.6731,148.44,0,7.0709,14.394,5.4021,3.832,1
514,1382,1.8425,0.087414,17.76,32.222,19,37,0.014683,0.04389,0.023482,0.0047714,0.018377,0.095595,0.039232,0.09205,0.077751,0.029831,0.007619,0,0.0026871,0.02282,0.0199,0.026201,0.081478,0.19216,0.15935,0.20866,0.060252,0.067615,0.028889,0.045508,0.23871,0.17973,0.22439,0,0.17746,0.19106,0.43851,0.10798,5.5576,10.09,2.1729,5.9476,91.771,66.898,8.0733,6.1787,8.4534,2.2177,154.52,0,2.507,11.217,6.1592,21.497,1
143,311,0.52381,0.052639,9.2701,8.1478,18,6,0.029036,0.0014162,0.013825,0.015154,0.0228,0.0088384,0.048462,0.0076077,0.028888,0.0096444,0,0,0.0066369,0.042597,0.0027736,0.0018417,0.087107,0.085814,0.084143,0.10206,0.50962,0.081674,0.28961,0.0028915,0.08321,0.057455,0,0,0.18703,0.18902,0.069828,0.039594,17.134,20.279,1.3915,2.2702,134.27,150.08,18.236,0.50352,2.1439,5.6329,0,0,8.0607,8.6052,3.1245,2.6313,1
82,107,0.54203,0.016184,27.781,33.514,9,10,0.016116,0.022705,0.012807,0.024188,0.004713,0.00078469,0.05436,0.022215,0.013888,0.030162,0,0,0.01293,0.014905,0.018605,0.019364,0.023526,0.073888,0.086841,0.092658,0.17673,0.00014496,0.05045,0.036208,0.098113,0.064548,0,0,0.019892,0.014579,0.23403,0.027579,7.1177,7.4982,10.906,0.17287,36.998,2.9121,5.5877,4.7489,13.27,5.2782,0,0,5.2723,11.768,8.976,1.1241,1
133,124,1.1128,0.047624,18.328,30.409,11,24,0.0017916,0.014443,0.013931,0.012839,0.0015263,0.032187,0.054121,0.080109,0.02188,0.015057,0,0,0.018693,0.05768,0.012134,0.015127,0.0082776,0.09838,0.22384,0.21432,0.26226,0.56522,0.0017103,0.046992,0.11034,0.052863,0,0,0.041573,0.061511,0.15979,0.001072,4.8726,21.012,19.19,4.8225,2.3259,128.79,7.6477,8.7736,4.4953,1.3403,0,0,1.4872,20.934,13.81,13.489,1
19,119,0.32251,0.017264,48.4,9.6663,20,6,0.014967,0.016023,0.019397,0.0085782,0.0074783,0.0088384,0.025724,0.015027,0.0071861,0.028786,0,0,0.033028,0.0074323,0.007045,0.0018213,0.041076,0.21494,0.12834,0.088585,0.039388,0.081674,0.035148,0.057448,0.14941,0.05508,0,0,0.068961,0.10315,0.073502,0.020097,3.1377,21.805,6.5261,1.9957,2.0258,150.08,0.1042,11.086,16.251,2.723,0,0,5.9713,15.748,11.634,2.8002,1
185,544,1.0721,0.053199,2.4565,31.34,0,6,0.015751,0.011868,0.0072413,0.010872,0.00046551,0.074552,0.084662,0.10961,0.020532,0.012203,0.032399,0,0.023163,0.081065,0.019174,0.021601,0.13764,0.074073,0.1574,0.14964,0.25351,0.036707,0.088264,0.056458,0.26639,0.14699,0.28527,0,0.052661,0.18704,0.16532,0.22035,2.5272,20.667,6.5946,4.3181,0.72732,73.973,21.742,9.6973,1.0716,2.6282,137.56,0,2.2413,10.894,9.3038,155.92,1
366,939,1.0779,0.060893,18.884,12.613,7,22,0.019008,0.033555,0.011031,0.0030083,0.016241,0.018863,0.086622,0.020431,0.0056353,0.025442,0.0096976,0,0.021763,0.018673,0.0015613,0.0073275,0.080768,0.073978,0.17877,0.21272,0.18983,0.042545,0.24997,0.01627,0.18523,0.11202,0.27137,0,0.088133,0.12039,0.1828,0.067835,8.72,14.381,15.875,6.4223,12.561,65.331,35.212,4.0355,5.0766,3.5456,141.19,0,0.32974,2.252,3.2479,3.0893,1
47,382,0.27891,0.042536,39.097,45.652,8,0,0.018173,0.033737,0.0047312,0.0059393,0.030472,0.0088384,0.073858,0.0064089,0.022414,0.0086359,0.0039174,0,0.0043039,0.050924,0.0059871,0.01412,0.11329,0.055817,0.00064665,0.019957,0.53271,0.081674,0.17749,0.025989,0.1816,0.098477,0.28328,0,0.1315,0.15687,0.00010352,0.06551,18.535,23.426,0.14603,2.1826,124.52,150.08,21.958,5.4074,1.0716,13.364,139.4,0,5.3641,4.9081,1.6753,17.633,1
24,148,0.63275,0.052512,165.73,63.755,23,2,0.022396,0.0093424,0.0089149,0.0035985,0.026306,0.0088384,0.033812,5.9418e-05,0.0044481,0.0044074,0.0013793,0,4.937e-05,0.012941,0.019829,0.021601,0.032823,0.031401,0.070106,0.084637,0.33103,0.081674,0.40195,0.11621,0.14844,0.050935,0.31492,0,0.14599,0.034246,0.018145,0.22035,3.7352,1.0941,0.12425,1.719,13.807,150.08,45.038,16.664,4.5813,11.705,131.58,0,0.39127,1.1066,14.46,155.92,1
104,11,0.54987,0.034443,28.088,44.483,24,3,0.0056362,0.0099723,0.00076591,0.048222,0.011933,0.0048842,0.068511,0.029186,0.01836,0.033962,0.0064103,0,0.0034282,0.02118,0.016201,0.0075064,0.024889,0.0076228,0.12065,0.16687,0.49662,0.064096,0.092104,0.033327,0.076072,0.015258,0.29565,0,0.11887,0.11617,0.25161,0.043679,2.8702,16.886,10.318,0.55746,127.03,57.857,4.0756,3.3338,2.2029,3.6526,143.9,0,7.5084,10.608,4.047,11.069,1
265,702,0.83351,0.065639,25.93,29.377,30,18,0.010338,0.005425,0.032909,0.0055048,0.017122,0.022828,0.070482,0.036244,0.026815,0.02561,0.035409,0,0.012606,0.010274,0.025875,0.0043607,0.065999,0.00070502,0.11082,0.13491,0.064825,0.038896,0.0046502,0.019339,0.1838,0.17592,0.37009,0,0.09749,0.14868,0.17604,0.085988,14.954,14.439,0.59854,3.7052,11.816,10.142,17.487,2.0374,20.602,4.0279,104.26,0,6.6459,15.737,13.16,13.559,1
167,184,0.66762,0.044131,63.653,49.215,31,11,0.0096202,0.020599,0.01624,0.020516,0.030096,0.00050505,0.05836,0.017866,0.00031513,0.0058641,0.01215,0,0.027508,0.024965,0.02175,0.0025926,0.011571,0.14139,0.14393,0.15359,0.12323,0.07276,0.22028,0.088787,0.1296,0.030412,0.30197,0,0.087857,0.13461,0.078913,0.042958,0.94158,20.131,13.153,8.1602,34.382,4.4765,20.485,21.05,7.1707,1.91,135.74,0,10.908,11.752,7.8207,6.7666,1
130,218,1.018,0.054259,63.734,38.382,17,12,0.01945,0.023408,0.022222,0.032127,0.0041211,0.006815,0.06861,0.023,0.025481,0.022565,0.017885,0,0.024212,0.042697,0.015948,0.0092696,0.01331,0.14461,0.097536,0.20563,0.059781,0.035313,0.002104,0.024238,0.20964,0.061491,0.28884,0,0.085115,0.12566,0.3048,0.056681,4.3099,9.7744,4.2542,6.1396,26.946,4.9883,19.176,0.71861,5.2581,5.0512,131.02,0,3.3125,6.3899,1.6507,16.134,1
68,350,0.27839,0.0099983,87.15,45.044,20,5,0.029043,0.00076298,0.006202,0.01462,0.03045,0.0042181,0.092314,0.017063,0.027614,0.019028,0.0014323,0,0.06432,0.029808,0.013968,0.0099345,0.087739,0.082352,0.12667,0.19356,0.17069,0.070223,0.17693,0.016218,0.093161,0.037595,0.3845,0,0.014952,0.097187,0.067555,0.034393,3.9774,20.689,8.812,9.7364,20.52,18.951,34.214,11.003,6.5859,8.092,129.95,0,7.9443,6.6172,0.03948,21.619,1
143,20,1.1015,0.05288,109.28,56.318,20,2,0.030576,0.018346,0.010542,0.020869,0.030664,0.0039123,0.077269,0.04946,0.039598,0.0018559,0.011243,0,0.014895,0.010969,0.007779,0.0001524,0.090099,0.043755,0.22567,0.33265,0.53462,0.067847,0.22606,0.017467,0.22128,0.13283,0.28034,0,0.13645,0.10899,0.082469,0.04854,9.8449,0.47758,21.63,20.911,21.782,80.93,27.852,4.486,8.4671,2.7296,138.93,0,6.1326,10.012,0.72774,2.8058,1
135,110,0.79524,0.046955,83.775,47.452,21,16,0.0012376,0.010899,0.020183,0.002732,0.027772,0.004389,0.066164,0.020387,0.001442,0.0079715,0,0,0.034632,0.034296,0.0074147,0.0031041,0.10344,0.043822,0.17339,0.16547,0.066513,0.073128,0.27458,0.036593,0.21426,0.1367,0,0,0.058917,0.14383,0.099121,0.055245,1.1328,16.967,12.996,6.5076,17.66,1.0795,36.051,15.204,10.249,3.8345,0,0,4.2827,12.454,0.52142,2.4634,1
341,482,0.87719,0.059475,75.868,15.072,21,2,0.018525,0.02096,0.013648,0.04271,0.010886,0.0024949,0.11362,0.0028687,0.0026435,0.0065736,0.031893,0,0.023692,0.051617,0.018121,0.015768,0.060364,0.32709,0.13325,0.12191,0.41116,0.069379,0.13242,0.018939,0.18463,0.20141,0.34204,0,0.083703,0.17201,0.048025,0.071976,1.7647,28.858,6.5112,2.2896,109.09,8.5737,19.115,2.9578,17.762,5.5831,106.91,0,0.69792,4.6952,0.43431,17.262,1
328,558,1.0786,0.078383,109.44,0.41308,19,6,0.046173,0.042331,0.014186,0.043561,0.0099612,0.017947,0.1187,0.0071068,0.043632,0.022983,0.057596,0.0083877,0.021966,0.012999,0.0039333,0.0028508,0.12045,0.13129,0.047823,0.24034,0.43995,0.059366,0.10479,0.080043,0.113,0.092327,0.432,0.26908,0.11308,0.18849,0.048241,0.039868,2.5074,16.526,1.4109,5.7766,124.18,13.64,9.0675,21.443,15.07,2.0877,89.309,138.51,5.5579,14.118,2.8432,1.0305,1
364,900,0.81058,0.057307,37.325,10.375,31,26,0.0014403,0.053092,0.010627,0.011866,0.024917,0.0048596,0.10759,0.0091499,0.039862,0.0007867,0.014138,0,0.012446,0.040082,0.003119,0.00092777,0.04853,0.19161,0.15016,0.16749,0.37613,0.07439,0.30341,0.094865,0.21722,0.10363,0.27145,0,0.085248,0.17576,0.083981,0.025769,5.3001,22.05,4.53,2.3728,35.595,3.8181,34.69,19.712,4.4902,0.8601,140.2,0,4.3056,4.4479,1.8943,1.2888,1
42,57,0.30573,0.024347,37.051,15.765,17,5,0.021311,0.00637,0.018043,3.27e-05,0.014778,0.0085894,0.0034808,0.032065,0.03414,0.0040419,0,0,0.023926,0.048687,0.0074516,0.0096581,0.15159,0.28135,0.025546,0.070944,0.14207,0.0016431,0.29203,0.020629,0.019787,0.074318,0,0,0.072259,0.0037689,0.062758,0.0027936,15.023,2.7173,1.6536,6.9287,25.013,73.712,40.794,7.4694,8.4481,4.9952,0,0,4.0301,5.4625,1.4643,11.564,1
75,162,0.12468,0.0086975,49.741,5.3658,24,11,0.0098387,0.0082129,0.010676,0.035894,0.0009702,0.018608,0.022482,0.040087,0.019086,0.011987,0,0,0.027692,0.0043865,0.0010549,0.0020302,0.059519,0.16995,0.036707,0.070872,0.065134,0.020751,0.006483,0.0087382,0.090106,0.072943,0,0,0.11806,0.041535,0.066662,0.001082,2.8645,15.956,2.6435,5.9899,12.367,67.029,11.17,2.0522,2.0645,2.8136,0,0,11.283,18.819,0.73171,7.5667,1
74,16,0.10805,0.018994,64.815,13.101,12,19,0.0095305,0.05152,0.018402,0.049082,0.035544,0.023213,0.028475,0.0023643,0.0034929,0.036352,0.0049679,0,0.0035123,0.0094241,0.00077665,0.012948,0.03291,0.40958,0.087338,0.24255,0.41781,0.017549,0.011456,0.14487,0.0075137,0.24001,0.26506,0,0.13824,0.049845,0.014737,0.043836,4.2994,45.493,4.1193,17.816,30.626,69.521,3.619,14.673,8.008,7.7706,148.44,0,7.9296,15.503,4.3172,6.6063,1
475,1138,1.0179,0.040588,66.077,65.79,26,46,0.019352,0.026242,0.025299,0.0024278,0.027653,0.10356,0.006411,0.075267,0.049232,0.042642,0.007619,0,0.007945,0.0081676,0.01085,0.027157,0.018712,0.11499,0.020849,0.19989,0.12812,0.13611,0.0040393,0.10996,0.14317,0.13171,0.22439,0,0.16214,0.080128,0.38879,0.071961,0.87563,7.5898,12.103,9.2434,73.649,10.923,1.2957,12.885,14.861,3.1202,154.52,0,3.3657,12.327,5.0743,24.272,1
104,67,0.3008,0.0058128,39.048,25.42,25,3,0.033705,0.016231,0.015642,0.01281,0.032075,0.00087298,0.015641,0.024391,0.00036885,0.0031673,0,0,0.0039952,0.027944,0.011824,0.00088578,0.14987,0.22134,0.054355,0.093283,0.32124,0.013179,0.31446,0.067341,0.012332,0.0094355,0,0,0.1717,0.078093,0.11955,0.0035743,23.567,2.5989,8.5392,5.566,116.14,72.256,27.605,7.2096,4.264,6.5354,0,0,8.9194,9.7145,4.2094,0.14297,1
43,137,0.28259,0.030643,20.536,0.054147,16,19,0.011447,0.0050582,0.01099,0.021844,0.013988,0.0071807,0.02154,0.0054326,0.042407,0.01735,0,0,0.0022983,0.00025237,0.027655,0.018408,0.086293,0.23326,0.051658,0.083884,0.36511,0.068351,0.0753,0.10066,0.0025712,0.11257,0,0,0.035215,0.12551,0.18431,0.063598,13.551,25.178,0.97503,3.4687,18.876,74.908,14.957,11.455,19.678,6.1807,0,0,4.4135,10.659,10.061,3.8984,1
94,120,0.28822,0.00079725,29.99,3.1594,18,33,0.0028775,0.0032039,0.012114,0.010496,0.010801,0.040153,0.0213,0.063326,0.0066389,0.0022454,0,0,0.029325,0.072332,0.021185,0.014171,0.071044,0.20877,0.085342,0.20555,0.45064,0.63371,0.023139,0.11144,0.014794,0.004844,0,0,0.056897,0.049419,0.11007,0.037091,1.5607,3.3322,9.2597,8.1182,20.448,50.974,17.017,15.48,10.903,0.43776,0,0,2.3459,22.043,14.895,10.715,1
58,363,0.5021,0.029563,0.082062,23.902,27,15,0.019636,0.0016239,0.021214,0.0062346,0.016753,0.00087298,0.0070971,0.0017556,0.021333,0.015974,0,0,0.04366,0.0072201,0.016095,0.0027772,0.021691,0.092208,0.010156,0.07981,0.14898,0.013179,0.010298,0.0070015,0.053871,0.1031,0,0,0.053638,0.007785,0.12322,0.015923,3.2956,4.1243,3.4045,5.2915,16.096,72.256,9.2648,4.3799,22.659,1.8205,0,0,6.83,16.858,12.719,5.5745,1
146,300,0.24751,0.0063724,45.861,64.908,7,15,0.011082,0.0057795,0.0054238,0.013216,0.0088096,0.082517,0.051841,0.092831,0.0079867,0.025015,0.032399,0,0.033795,0.095718,0.028224,0.020645,0.20041,0.23308,0.018903,0.14087,0.44188,0.1052,0.11311,0.0079917,0.17084,0.098968,0.28527,0,0.067985,0.29797,0.1156,0.18433,8.9605,2.9872,3.336,7.6139,17.395,3.8472,31.111,2.9912,5.3364,1.7257,137.56,0,1.3826,9.7844,10.389,158.69,1
327,695,0.25331,0.014067,29.434,46.18,14,31,0.023677,0.015908,0.0092137,0.0053519,0.025516,0.026828,0.053801,0.0036481,0.022884,0.038254,0.0096976,0,0.011131,0.0040209,0.010612,0.0082834,0.14354,0.23317,0.040268,0.20394,0.0014528,0.025951,0.27482,0.048179,0.089692,0.064004,0.27137,0,0.072809,0.0094629,0.23252,0.031816,15.153,3.2992,5.9441,9.7181,30.683,12.49,44.581,2.6706,11.485,4.4481,141.19,0,0.52898,3.3613,4.3328,5.8636,1
8,138,0.5457,0.0042906,9.2203,12.084,15,9,0.013504,0.051385,0.0029136,0.0035957,0.039747,0.00087298,0.041037,0.010374,0.0061047,0.021448,0.0039174,0,0.0063282,0.036272,0.0030632,0.015076,0.17605,0.36297,0.13785,0.011183,0.34433,0.013179,0.20234,0.03846,0.086063,0.050458,0.28328,0,0.11618,0.045938,0.049616,0.029491,24.969,5.7456,10.077,1.1132,106.39,72.256,31.327,1.2987,7.4796,14.266,139.4,0,6.2228,6.0174,0.59043,20.408,1
63,392,0.19186,0.0056856,117.41,30.187,30,7,0.017727,0.008305,0.0070973,0.0059421,0.035582,0.00087298,0.00099157,0.016842,0.032967,0.017219,0.0013793,0,0.010681,0.027593,0.028879,0.020645,0.095589,0.33855,0.068392,0.075863,0.14266,0.013179,0.4268,0.05176,0.052901,0.098955,0.31492,0,0.13067,0.076685,0.031574,0.18433,2.6981,18.774,9.8064,1.5768,31.929,72.256,54.407,9.9576,1.8267,12.607,131.58,0,0.46744,0.002668,15.544,158.69,1
65,255,0.27474,0.012384,20.23,10.916,31,6,0.00096712,0.02762,0.0010516,0.045878,0.021208,0.0030812,0.03569,0.012403,0.010159,0.021151,0.0064103,0,0.01406,0.0065279,0.0071508,0.0084623,0.037877,0.31478,0.017847,0.1581,0.30825,0.0043996,0.11695,0.097776,0.019469,0.063277,0.29565,0,0.10355,0.0052389,0.30133,0.0076598,3.5631,0.79456,0.38723,2.7383,108.91,19.963,13.445,3.3723,8.6109,4.5551,143.9,0,8.3672,11.718,2.962,13.844,1
226,458,0.0088928,0.018812,22.388,4.1914,37,27,0.0056685,0.023072,0.031091,0.0078484,0.026397,0.030794,0.037661,0.019461,0.001704,0.038422,0.035409,0,0.023238,0.0043782,0.016825,0.0053166,0.0032325,0.30645,0.027681,0.12614,0.2532,0.0296,0.0202,0.083789,0.088257,0.1279,0.37009,0,0.082167,0.037748,0.12632,0.049968,8.5209,3.2408,9.3321,7.001,29.938,67.679,26.856,8.7435,14.194,3.1254,104.26,0,7.5046,16.847,12.075,16.333,1
128,428,0.157,0.0026953,15.335,15.647,38,20,0.0049511,0.0029515,0.018058,0.018173,0.039371,0.0074604,0.02554,0.034649,0.028834,0.0069477,0.01215,0,0.038141,0.010312,0.0127,0.0016367,0.074338,0.16577,0.0054345,0.14482,0.065147,0.0042642,0.24513,0.024337,0.034058,0.017607,0.30197,0,0.072534,0.023676,0.12863,0.0069382,5.4917,2.4508,3.2222,11.456,16.26,82.297,29.854,14.344,0.76269,2.8125,135.74,0,11.767,12.861,6.7358,9.5409,1
91,26,0.19338,0.0074326,15.417,4.8145,24,21,0.014781,0.0057606,0.024039,0.029784,0.013396,0.01478,0.035789,0.0062171,0.003038,0.0097528,0.017885,0,0.034844,0.028044,0.0068977,0.010225,0.076077,0.16254,0.040962,0.19686,0.12859,0.033183,0.026954,0.040211,0.11409,0.013472,0.28884,0,0.069792,0.01473,0.35452,0.020661,2.1234,7.9058,14.185,9.4353,8.8238,72.832,28.545,7.4247,11.666,5.9537,131.02,0,4.1713,7.4992,0.56577,18.908,1
29,594,0.54623,0.056825,38.832,11.476,27,14,0.024374,0.016884,0.0043845,0.012276,0.039725,0.012184,0.059493,0.00027991,0.056133,0.0062166,0.0014323,0,0.074953,0.015156,0.0049179,0.01089,0.15051,0.2248,0.011831,0.18479,0.35906,0.0017269,0.20178,0.048232,0.0023809,0.010424,0.3845,0,0.00037116,0.013743,0.11727,0.0016267,2.4559,3.009,1.1186,13.032,38.642,58.869,43.583,4.2972,0.17793,7.1895,129.95,0,8.803,7.7265,1.1244,24.393,1
104,224,0.27693,0.0060535,60.958,22.75,27,11,0.025907,0.00069864,0.01236,0.018525,0.039939,0.0040531,0.044448,0.032677,0.068117,0.014668,0.011243,0,0.025527,0.0036831,0.0012713,0.0011083,0.15287,0.35091,0.087175,0.32388,0.34625,0.00064921,0.25091,0.046983,0.12574,0.084813,0.28034,0,0.12112,0.001936,0.13219,0.01252,16.278,18.158,11.699,24.207,39.904,3.1094,37.221,2.2201,14.875,1.8271,138.93,0,6.9913,11.122,0.35717,5.5801,1
96,134,0.029376,0.00012848,35.457,13.884,28,25,0.0059066,0.0067488,0.022001,0.0050756,0.037047,0.0035764,0.033344,0.0036046,0.027077,0.020783,0,0,0.045264,0.019643,0.0016356,0.00406,0.16621,0.26333,0.034891,0.15669,0.12186,0.0046324,0.29943,0.027856,0.11872,0.088679,0,0,0.043594,0.032902,0.14884,0.019226,5.3005,0.71353,3.0655,9.8033,35.782,78.9,45.42,8.4978,16.657,2.932,0,0,5.1414,13.563,0.56349,5.2377,1
302,238,0.052579,0.012649,27.55,18.496,28,7,0.013856,0.0033126,0.011831,0.040367,0.020161,0.01046,0.0808,0.013914,0.025875,0.0062381,0.031893,0,0.034324,0.036965,0.0090705,0.016723,0.12313,0.019934,0.0052468,0.11313,0.22279,0.00088309,0.15727,0.045511,0.089093,0.15339,0.34204,0,0.06838,0.061077,0.097744,0.035957,4.6686,11.178,3.4194,5.5854,90.963,69.247,28.484,3.7483,11.354,6.4856,106.91,0,1.5566,5.8045,1.5192,20.037,1
289,314,0.25401,0.031556,61.124,33.155,26,15,0.041504,0.024684,0.012368,0.041217,0.00068611,0.025913,0.085875,0.0096761,0.015113,0.010171,0.057596,0.0083877,0.032598,0.0016539,0.005117,0.001895,0.18321,0.17586,0.090675,0.23156,0.25158,0.0091294,0.12964,0.015593,0.017454,0.044308,0.432,0.26908,0.097752,0.077564,0.0014785,0.0038491,8.9407,1.1546,11.342,9.0723,106.06,64.18,18.436,14.736,8.6625,2.9902,89.309,138.51,6.4166,15.227,3.9281,1.7438,1
325,656,0.014032,0.01048,10.993,23.192,38,35,0.0061094,0.035445,0.0088096,0.01421,0.034192,0.0031058,0.074769,0.007633,0.011343,0.013598,0.014138,0,0.023078,0.025429,0.0059312,2.811e-05,0.014237,0.11555,0.011661,0.15872,0.18776,0.0058939,0.32826,0.030416,0.12167,0.055607,0.27145,0,0.069924,0.064831,0.034262,0.01025,1.1332,4.3702,5.4006,5.6686,17.473,81.639,44.059,13.006,1.9178,1.7626,140.2,0,5.1643,5.5572,2.9792,4.0631,1
