511,1044,0.049553,0.015694,17.481,251.41,20,9,0.011561,0.028305,0.068997,0.080474,0.03567,0.0072345,0.012225,0.064257,0.01841,0.023974,0.032668,0.011009,0.028683,0.07211,0.079656,0,0.1983,0.23597,0.16772,0.060495,0.55494,0.06238,0.1075,0.32129,0.49423,0.26804,0.957,0.043638,0.11438,0.24025,0.056953,0,12.766,115.04,8.6276,21.283,127.92,11.664,5.4255,60.2,38.4,12.619,56.118,50.127,84.65,12.792,32.667,0,0
441,1064,0.071206,0.014773,145.11,123.01,24,5,0.00096395,0.033313,0.045434,0.10397,0.052015,0.0089555,0.014974,0.063269,0.0078233,0.027578,0.032668,0.0027979,0.023018,0.076969,0.10735,0,0.22531,0.10516,0.32666,0.077214,0.47023,0.095742,0.15201,0.27862,0.38649,0.23184,0.957,0.051266,0.15353,0.34433,0.025556,0,28.975,106.33,5.0949,20.588,125.29,47.26,9.0883,86.062,28.126,22.635,56.118,62.199,86.59,41.905,54.821,0,0
790,1547,0.29702,0.050443,97.038,92.288,18,3,0.016274,0.01082,0.022963,0.078399,0.052648,0.0074978,0.02053,0.0034011,0.1035,0.057257,0.0262,0.010281,0.017167,0.042608,0.078562,0,0.046052,0.059845,0.3103,0.033112,0.45131,0.14092,0.0067292,0.042839,0.082509,0.18607,0.069179,0.025516,0.13531,0.1664,0.057629,0,7.5539,131.03,2.8413,16.984,123.34,5.1699,4.3858,74.74,30.718,18.852,39.877,65.578,71.327,1.1219,39.029,0,0
484,1294,0.23327,0.02449,85.1,40.571,36,6,0.0036434,0.03094,0.062463,0.077607,0.040188,0.015058,0.0071392,0.067387,0.032383,0.0075943,0.032668,0.00041558,0.027952,0.089907,0.078794,0.00037594,0.11508,0.12717,0.24815,0.016673,0.55106,0.10776,0.10825,0.26116,0.18696,0.1991,0.957,0.06497,0.095769,0.27173,0.0021276,0.41424,6.9048,113.49,3.8838,24.521,130.21,26.22,11.925,89.339,30.275,13.739,56.118,60.937,82.6,40.607,44.031,208.29,0
443,1236,0.27283,0.0039962,95.641,129.87,34,17,0.0094682,0.034009,0.084917,0.11169,0.10349,0.023742,0.082727,0.067953,0.026042,0.036898,0.032668,0.029703,0.0092303,0.090683,0.039724,0,0.095097,0.18363,0.27008,0.0024826,0.42653,0.30218,0.1413,0.30693,0.26486,0.37251,0.957,0.019018,0.19146,0.34815,0.032595,0,20.318,125.34,2.5741,12.22,106.7,40.635,2.4443,83.761,22.685,17.597,56.118,50.802,83.315,42.172,39.519,0,0
332,1028,0.20348,0.081006,110.96,227.04,11,2,0.0074844,0.017447,0.073811,0.080162,0.024351,0.046955,0.058867,0.041722,0.025427,0.032577,0.032668,0.071266,0.0071282,0.11905,0.026057,0.0012139,0.1099,0.21806,0.12728,0.14249,0.30937,0.1925,0.24834,0.025735,0.39767,0.30971,0.957,0.10977,0.051319,0.28378,0.17285,0.57684,3.2478,118.9,5.5278,14.113,93.689,69.656,8.5707,9.5472,7.8318,4.9437,56.118,30.298,72.833,45.71,44.628,183.73,0
476,1260,0.2477,0.0031346,77.618,151.95,33,19,0.00019922,0.028544,0.064859,0.10789,0.029286,0.043377,0.0436,0.031454,0.034712,0.0074576,0.032668,0.067749,0.010279,0.10761,0.012954,0,0.16639,0.062365,0.24201,0.06608,0.23256,0.10946,0.085259,0.1899,0.52077,0.45207,0.957,0.14251,0.12763,0.37103,0.040797,0,2.7531,118.92,11.583,4.9849,114.34,7.7673,3.263,54.008,30.393,0.18598,56.118,24.151,66.675,38.376,28.007,0,0
384,1827,0.13298,0.070476,100.78,513.46,20,12,0.0038642,0.048453,0.10797,0.098276,0.066401,0.096588,0.070097,0.043117,0.045553,0.036699,0.059588,0.073989,0.024997,0.0924,0.004888,0,0.095897,0.18263,0.052527,0.16363,0.42205,0.31988,0.13777,0.15989,0.26231,0.38272,0.058255,0.094641,0.068292,0.23481,0.080172,0,12.169,113.34,7.5272,17.376,114.98,58.25,4.5572,6.0394,8.6476,8.7424,7.0727,18.462,55.338,21.002,24.241,0,0
292,1153,0.065373,0.025752,132.29,367.13,4,15,0.0031856,0.027525,0.064163,0.052506,0.016486,0.031658,0.024961,0.016002,0.026158,0.026295,0.0053239,0.087041,0.030753,0.097279,0.022975,0.004363,0.10575,0.0052308,0.064853,0.081906,0.11765,0.22668,0.1047,0.049857,0.39235,0.25057,0.31931,0.21943,0.015626,0.14996,0.088112,0.47055,2.3491,81.163,6.5069,26.281,60.528,89.835,0.81515,10.358,23.37,2.2608,6.5486,21.602,62.363,23.961,32.997,207.58,0
519,1249,0.0022989,0.011867,142.37,364.61,30,4,0.0051976,0.014581,0.057063,0.037614,0.040047,0.068566,0.023205,0.017061,0.0066402,0.027562,0.0078213,0.079032,0.026355,0.015858,0.018706,0,0.37474,0.092961,0.20908,0.031339,0.21805,0.24839,0.043461,0.18629,0.32932,0.18817,0.020104,0.031407,0.099949,0.21427,0.091066,0,12.285,74.048,13.886,20.194,61.508,35.602,16.13,20.92,20.315,21.011,5.3207,17.331,25.883,24.539,25.639,0,0
1187,2620,0.98617,0.13896,156.2,116.82,16,28,0.016553,0.025423,0.031197,0.052127,0.071019,0.026253,0.035141,0.090384,0.13936,0.13615,0.017507,0.010883,0.030743,0.010356,0.09652,0,0.35724,0.31662,0.2315,0.037773,0.33527,0.14169,0.1572,0.11579,0.12191,0.37724,0.049137,0.024292,0.098462,0.087446,0.24145,0,6.6497,138.66,1.3192,34.733,97.804,37.022,14.66,43.499,28.724,14.414,26.208,22.274,62.044,22.28,21.44,0,0
988,1944,0.47306,0.082171,178.14,211.5,30,17,0.020652,0.038233,0.020983,0.079104,0.093297,0.0063175,0.080635,0.030703,0.1348,0.062868,0.010963,0.012343,0.0096608,0.048711,0.10736,0,0.20471,0.049359,0.38642,0.012473,0.31785,0.31976,0.017873,0.029558,0.12944,0.38813,0.023098,0.10931,0.11928,0.20452,0.13195,0,3.687,88.731,3.5272,19.574,96.53,10.931,25.058,63.213,15.724,12.444,37.829,59.671,67.601,2.9819,39.538,0,0
875,1572,0.44975,0.055239,310.62,193.1,30,10,0.0044758,0.039445,0.03286,0.043784,0.064507,0.012083,0.040572,0.026027,0.08827,0.093456,0.015814,0.021868,0.0089597,0.027666,0.061012,0,0.28312,0.049899,0.33226,0.018359,0.4206,0.27054,0.078842,0.046438,0.060841,0.29563,0.45519,0.26471,0.13334,0.20691,0.094879,0,27.15,106.89,15.736,24.252,109.41,6.016,22.068,70.295,12.553,19.31,20.805,60.174,55.198,18.996,26.47,0,0
569,1095,0.2201,0.046304,131.19,84.268,10,18,0.01366,0.0084803,0.07443,0.073355,0.017189,0.011353,0.032428,0.029062,0.0012715,0.016683,0.032668,0.011174,0.019642,0.066677,0.10143,0.0020545,0.18251,0.093673,0.23857,0.063614,0.14769,0.0717,0.032728,0.11308,0.27476,0.33748,0.957,0.17041,0.16611,0.25444,0.052693,0.41408,6.6317,108.35,13.728,17.996,84.462,10.286,15.504,72.525,40.159,1.1249,56.118,68.816,72.034,16.315,44.919,214.77,0
708,1683,0.21679,0.00936,37.636,69.583,11,11,0.00035023,0.048889,0.038004,0.12492,0.04299,0.012242,0.019024,0.036065,0.013249,0.0096079,0.032668,0.027618,0.007815,0.10916,0.088613,0,0.18793,0.055778,0.33687,0.047729,0.34197,0.026266,0.042392,0.1174,0.19112,0.23375,0.957,0.21346,0.16291,0.29918,0.015482,0,11.027,79.726,9.9733,11.633,109.47,25.297,6.2414,87.765,27.202,15.234,56.118,66.838,76.54,31.697,57.17,0,0
492,1287,0.1371,0.035068,24.542,177.53,5,18,0.021656,0.029872,0.075268,0.098322,3.1255e-05,0.044658,0.034711,0.028932,0.018189,0.011676,0.032456,0.089665,0.011306,0.074167,0.037285,0,0.23076,0.17117,0.13727,0.0040447,0.041161,0.16688,0.062717,0.1285,0.55375,0.10394,0.606,0.076799,0.056405,0.24106,0.010547,0,10.777,120.75,5.1396,20.82,96.369,58.415,22.091,2.4563,33.795,30.453,37.885,31.373,63.359,30.521,45.176,0,0
833,1693,0.21056,0.030869,36.744,104.39,7,5,0.0078958,0.015358,0.049271,0.084954,0.03385,0.014418,0.009481,0.041294,0.021693,0.066465,0.032668,0.011852,0.015409,0.079973,0.11011,0.0032801,0.16652,0.068333,0.24184,0.036615,0.50697,0.082684,0.094381,0.087959,0.29057,0.2647,0.957,0.045671,0.16595,0.26762,0.053081,0.4144,20.665,106.9,10.104,15.067,125.43,35.852,6.6151,87.169,52.31,18.3,56.118,66.822,78.175,32.596,53.187,203.69,0
492,1231,0.04772,0.020515,149.88,48.459,35,0,0.0040388,0.013821,0.053832,0.075693,0.019349,0.009298,0.03184,0.016024,0.076118,0.020967,0.032668,0.0044711,0.028306,0.071904,0.099759,0,0.21595,0.2814,0.29332,0.056508,0.63278,0.0027822,0.15449,0.016021,0.13184,0.21885,0.957,0.012402,0.077741,0.3087,0.023507,0,26.062,156.18,7.9932,24.389,140.12,25.867,7.5257,84.205,32.246,27.783,56.118,61.416,67.194,25.398,43.28,0,0
1314,2396,0.45256,0.071335,349.22,126.95,33,57,0.0086229,0.026223,0.10447,0.075937,0.045138,0.005612,0.0039658,0.0061952,0.076361,0.041984,0.032668,0.0093445,0.027032,0.11648,0.1065,0.0026282,0.23669,0.098364,0.25788,0.053554,0.27854,0.0027754,0.14609,0.013475,0.036767,0.23623,0.957,0.044815,0.07891,0.25133,0.066507,0.38398,10.977,127.29,14.746,23.961,93.638,1.5218,8.3746,76.382,32.04,22.872,56.118,70.782,58.883,29.33,48.181,206.56,0
1038,1500,0.52485,0.047094,220.19,179.47,36,14,0.050084,0.016141,0.064696,0.070689,0.061877,0.0069562,0.034065,0.0041157,0.022575,0.042697,0.032668,0.021373,0.0054299,0.078543,0.062009,0,0.11821,0.061518,0.27838,0.1664,0.26458,0.16958,0.10418,0.11713,0.24049,0.22955,0.957,0.069006,0.055338,0.25562,0.036326,0,12.776,113.99,22.628,6.7154,99.131,11.434,16.714,60.527,34.278,13.79,56.118,61.055,51.395,7.385,27.799,0,0
605,1367,0.28549,0.054829,179.98,62.346,15,9,0.005696,0.02315,0.036684,0.079858,0.053111,0.011509,0.040516,0.043403,0.073482,0.034938,0.023526,0.017365,0.0015464,0.07283,0.08019,0,0.20292,0.063326,0.3598,0.010284,0.36975,0.11187,0.0028178,0.12076,0.068655,0.33064,0.44723,0.092364,0.21929,0.24569,0.046186,0,31.408,106.85,16.891,18.385,123.74,11.677,3.2247,82.152,9.9437,11.799,26.085,70.223,79.477,17.007,41.87,0,0
774,1523,0.3141,0.018118,360,195.77,12,0,0.017349,0.038912,0.054131,0.080474,0.039371,0.066234,0.049078,0.0026646,0.060521,0.030965,0.019529,0.0073079,0.026692,0.061725,0.049976,0,0.35305,0.11567,0.36416,0.053302,0.30056,0.19318,0.090466,0.1328,0.0088571,0.18437,0.3448,0.039275,0.18016,0.35127,0.062603,0,32.198,105.85,25.442,10.398,118.11,19.964,0.11028,52.798,12.291,15.546,32.275,55.66,71.477,20.734,24.987,0,0
485,892,0.23704,0.028991,214.72,82.118,15,3,0.013745,0.014434,0.012158,0.044009,0.010343,0.080942,0.06362,0.040435,0.062415,0.068372,0.061209,0.016191,0.0052204,0.097322,0.095569,0,0.35168,0.13219,0.09891,0.041106,0.4249,0.14082,0.085838,0.34155,0.24416,0.22048,0.72958,0.033739,0.087109,0.1622,0.029227,0,35.071,21.446,4.0492,6.4323,50.549,23.483,21.723,75.531,32.123,30.276,73.946,45.305,59.301,60.472,64.172,0,0
415,912,0.11628,0.02807,377.3,210.52,19,7,0.0012199,0.019442,0.035722,0.067502,0.026687,0.079221,0.060871,0.039446,0.051829,0.016819,0.061209,0.0079801,0.00044392,0.10218,0.12326,0,0.37869,0.0013829,0.060029,0.024387,0.34018,0.10746,0.13035,0.29888,0.13642,0.18428,0.72958,0.12864,0.12626,0.26628,0.053282,0,51.279,30.151,0.51646,7.1272,47.915,12.113,36.237,101.39,21.848,40.291,73.946,57.377,61.24,89.585,86.327,0,0
764,1395,0.10953,0.037146,135.16,241.24,13,9,0.018458,0.0030512,0.058192,0.041934,0.02732,0.080678,0.055315,0.020421,0.059494,0.10165,0.054742,0.0050985,0.0062949,0.06782,0.094475,0,0.19943,0.16362,0.04367,0.13471,0.32127,0.062281,0.014929,0.0631,0.16756,0.13851,0.2966,0.051861,0.10804,0.088348,0.029903,0,14.751,5.4564,1.7371,10.731,45.968,29.977,22.762,90.071,24.441,36.509,22.05,60.755,45.978,48.802,70.534,0,0
458,1142,0.045781,0.011192,317.3,292.95,31,6,0.0058273,0.017069,0.018692,0.041142,0.01486,0.073118,0.082984,0.043565,0.011622,0.051992,0.061209,0.0055979,0.00449,0.11512,0.094707,0.00037594,0.26846,0.023388,0.018481,0.084929,0.42102,0.095447,0.086587,0.28142,0.063102,0.15154,0.72958,0.14235,0.068496,0.19368,0.029854,0.41424,15.4,22.992,0.69463,3.1938,52.834,8.9275,39.073,104.67,23.998,31.395,73.946,56.115,57.251,88.287,75.536,208.29,0
417,1084,0.085343,0.0093011,327.84,203.65,29,29,0.011652,0.020139,0.0037622,0.075229,0.078167,0.064434,0.0068819,0.04413,0.017963,0.0074997,0.061209,0.034885,0.014232,0.11589,0.055637,0,0.24847,0.079849,0.0034567,0.099119,0.29649,0.098972,0.11965,0.32719,0.014798,0.32495,0.72958,0.058359,0.16419,0.2701,0.060321,0,1.9868,11.147,7.1526,15.495,29.321,5.4883,24.704,99.093,16.408,35.253,73.946,45.98,57.966,89.853,71.024,0,0
306,876,0.39096,0.094303,121.23,106.49,6,14,0.0053006,0.0035758,0.0073442,0.043698,0.00097668,0.041221,0.016978,0.0179,0.069432,0.011821,0.061209,0.076448,0.016334,0.14426,0.04197,0.0012139,0.26328,0.11428,0.13935,0.040887,0.17932,0.010708,0.22668,0.0054743,0.1476,0.26215,0.72958,0.18715,0.024046,0.20573,0.20058,0.57684,25.553,17.585,0.94932,13.602,16.313,34.509,35.719,5.7845,1.5543,12.713,73.946,25.476,47.483,93.39,76.134,183.73,0
450,1108,0.060217,0.010163,154.58,181.57,28,7,0.0023831,0.014673,0.016296,0.071428,0.0039586,0.044799,0.032245,0.0076318,0.078717,0.03694,0.061209,0.072932,0.033741,0.13282,0.028867,0,0.31977,0.041414,0.024613,0.16768,0.10252,0.093745,0.063601,0.21016,0.2707,0.40451,0.72958,0.21989,0.10035,0.29299,0.013071,0,25.058,17.558,7.0049,22.73,36.965,27.38,30.411,69.339,24.116,17.842,73.946,19.329,41.326,86.057,59.512,0,0
358,1675,0.32047,0.083773,131.42,179.93,25,24,0.006048,0.034582,0.026812,0.061811,0.041073,0.0084117,0.0057479,0.019294,0.089558,0.0076985,0.031046,0.079171,0.048459,0.11761,0.011025,0,0.24927,0.078849,0.2141,0.062028,0.292,0.11668,0.11612,0.18015,0.012244,0.33516,0.16916,0.17202,0.041019,0.15677,0.1079,0,10.136,23.142,12.106,10.339,37.601,23.103,22.591,21.371,2.3701,8.914,10.755,13.64,29.988,68.683,55.746,0,0
266,1001,0.25286,0.039049,99.902,33.602,9,3,0.0053694,0.013654,0.016992,0.016042,0.0088414,0.056518,0.050885,0.0078209,0.070164,0.018103,0.033866,0.092223,0.0072912,0.12249,0.038888,0.004363,0.25913,0.098548,0.20177,0.019696,0.012398,0.023472,0.083037,0.029597,0.14228,0.20302,0.54673,0.29681,0.042899,0.071908,0.11584,0.47055,19.956,55.319,1.9285,1.4338,16.847,54.688,26.333,4.9737,17.092,15.396,24.376,16.779,37.013,71.641,64.502,207.58,0
493,1097,0.18519,0.025164,89.825,31.084,25,8,0.0073814,0.0007102,0.024092,0.0011499,0.01472,0.01961,0.052641,0.0067618,0.037365,0.071959,0.020721,0.084215,0.049818,0.04107,0.0027925,0,0.52812,0.19674,0.057547,0.070262,0.08801,0.04519,0.021803,0.20655,0.079249,0.14061,0.20732,0.10878,0.072676,0.13622,0.06334,0,34.59,62.434,9.3073,7.5211,15.868,0.45457,11.018,5.5881,14.038,38.667,23.148,12.508,0.53336,23.142,5.8664,0,0
1161,2468,0.79868,0.12566,75.999,216.7,11,16,0.014369,0.011553,0.049958,0.015662,0.045692,0.061923,0.040704,0.11421,0.095354,0.18055,0.011035,0.0057009,0.054206,0.035567,0.11243,0,0.51062,0.21284,0.035126,0.063829,0.20523,0.061512,0.17885,0.13605,0.37197,0.32968,0.17828,0.053085,0.071189,0.0093978,0.21372,0,15.655,2.181,3.2593,7.0186,20.428,1.875,12.489,58.831,22.446,32.071,8.3808,17.452,36.694,25.401,52.945,0,0
962,1792,0.28557,0.068874,54.057,122.02,25,5,0.018468,0.024363,0.10214,0.04264,0.067969,0.081859,0.00479,0.054526,0.090791,0.10727,0.017579,0.0071607,0.033123,0.073923,0.12327,0,0.35809,0.15314,0.11979,0.089128,0.18781,0.11655,0.039532,0.049818,0.3795,0.34057,0.20432,0.031936,0.092012,0.12647,0.10422,0,25.992,47.751,1.0512,8.1404,19.155,24.216,2.0901,78.544,9.4463,30.101,20.002,54.848,42.251,50.662,71.043,0,0
849,1420,0.26227,0.041942,78.429,140.42,25,2,0.002292,0.025574,0.048295,0.0073199,0.03918,0.076094,0.035274,0.04985,0.044265,0.13785,0.044356,0.016686,0.014503,0.052877,0.076925,0,0.4365,0.05388,0.065629,0.083242,0.29055,0.067332,0.1005,0.026177,0.31091,0.24807,0.68261,0.18733,0.10607,0.12886,0.067153,0,49.454,29.597,11.158,3.4625,32.034,29.131,5.0806,85.626,6.2758,36.966,2.9779,55.352,29.849,28.684,57.975,0,0
543,943,0.032617,0.033007,101.01,249.26,5,6,0.015844,0.0053904,0.0067248,0.036891,0.0081384,0.076823,0.043417,0.0052397,0.042734,0.06108,0.061209,0.0059915,0.0038204,0.091889,0.11734,0.0020545,0.33589,0.19745,0.028057,0.16522,0.017641,0.1315,0.054387,0.13334,0.024689,0.28992,0.72958,0.093028,0.13884,0.17639,0.024967,0.41408,28.936,28.129,9.1498,9.7187,7.0868,45.433,11.645,87.857,33.882,16.531,73.946,63.993,46.685,63.996,76.424,214.77,0
682,1531,0.029308,0.022657,194.56,263.94,6,1,0.0018336,0.035018,0.043151,0.088459,0.017662,0.075934,0.094869,0.012242,0.030756,0.054006,0.061209,0.022436,0.015647,0.13437,0.10453,0,0.34131,0.15956,0.070244,0.14933,0.21193,0.17694,0.064051,0.13766,0.058949,0.18619,0.72958,0.13608,0.13564,0.22114,0.043208,0,33.332,56.756,5.3949,16.082,32.099,9.8497,33.39,103.1,20.924,32.89,73.946,62.016,51.19,79.377,88.675,0,0
466,1135,0.32458,0.048365,207.65,155.99,0,6,0.023839,0.016002,0.0058873,0.061858,0.025296,0.043518,0.041135,0.0051091,0.062195,0.032721,0.060998,0.094847,0.012157,0.099379,0.053198,0,0.38414,0.067387,0.12935,0.097557,0.088884,0.03633,0.041059,0.14876,0.30369,0.056385,0.83342,0.15418,0.029132,0.16301,0.038273,0,33.082,15.732,0.56113,6.8946,18.993,23.268,49.239,17.788,27.518,48.109,20.057,26.551,38.009,78.202,76.681,0,0
807,1541,0.023076,0.017572,195.45,229.13,12,7,0.01008,0.0014877,0.031884,0.04849,0.0085227,0.073758,0.085326,0.017472,0.022313,0.11086,0.061209,0.0066692,0.0080529,0.10518,0.12602,0.0032801,0.3199,0.17211,0.024782,0.13822,0.37692,0.12052,0.072722,0.10822,0.040505,0.21714,0.72958,0.031706,0.13867,0.18957,0.025355,0.4144,42.969,29.585,5.526,12.648,48.056,0.7052,33.763,102.5,46.032,35.957,73.946,62,52.825,80.276,84.693,203.69,0
466,1079,0.13976,0.0072181,82.316,381.98,30,12,0.0018549,4.9603e-05,0.027323,0.039228,0.0059786,0.078878,0.044005,0.0077982,0.032112,0.065364,0.061209,0.00071122,0.0048434,0.097116,0.11567,0,0.36933,0.17763,0.026694,0.045094,0.50273,0.20042,0.13283,0.0042398,0.11823,0.17129,0.72958,0.089778,0.050468,0.23065,0.0042189,0,48.367,19.699,3.4148,3.3263,62.746,9.2798,34.674,99.536,25.969,45.439,73.946,56.594,41.845,73.078,74.786,0,0
1288,2244,0.26507,0.058037,117.02,206.57,28,45,0.010807,0.012353,0.023316,0.039472,0.019811,0.082564,0.079811,0.017627,0.032355,0.086381,0.061209,0.0041622,0.050494,0.14169,0.12241,0.0026282,0.39007,0.0054145,0.0087513,0.15515,0.14849,0.20598,0.16775,0.033735,0.2133,0.18867,0.72958,0.032562,0.051637,0.17329,0.038781,0.38398,33.282,9.1896,10.168,3.754,16.263,33.625,18.774,91.713,25.762,40.528,73.946,65.96,33.534,77.011,79.686,206.56,0
1012,1348,0.33737,0.033797,12.01,154.06,31,26,0.052268,0.0022702,0.016459,0.034224,0.036549,0.08122,0.041781,0.019707,0.021431,0.087095,0.061209,0.016191,0.018032,0.10375,0.077922,0,0.27158,0.1653,0.011754,0.268,0.13453,0.033621,0.12584,0.13739,0.0095784,0.18199,0.72958,0.0083707,0.028065,0.17757,0.0086001,0,35.081,22.489,18.049,20.999,21.756,46.581,10.435,75.859,28,31.446,73.946,56.233,26.045,55.065,59.304,0,0
579,1215,0.098004,0.041532,52.215,271.18,10,21,0.0078798,0.0092796,0.044471,0.043394,0.027784,0.076667,0.03533,0.01958,0.029477,0.079336,0.052068,0.012182,0.021916,0.098042,0.096103,0,0.35629,0.1671,0.093173,0.11189,0.23971,0.091331,0.024476,0.14102,0.31872,0.28308,0.67465,0.014987,0.19201,0.16764,0.01846,0,53.712,29.634,12.313,9.3303,46.364,23.47,23.924,97.484,3.6662,29.455,8.2578,65.401,54.128,64.688,73.375,0,0
748,1371,0.12662,0.0048207,127.81,137.76,7,12,0.015166,0.025041,0.027024,0.04401,0.014043,0.021942,0.026767,0.026487,0.016515,0.075363,0.04807,0.01249,0.0032296,0.086937,0.065889,0,0.50643,0.011893,0.097536,0.1549,0.17052,0.010028,0.068808,0.15306,0.25892,0.13681,0.57222,0.038102,0.15289,0.27322,0.034877,0,54.503,30.629,20.863,17.317,40.733,15.183,27.038,68.129,6.0135,33.202,14.447,50.838,46.127,68.415,56.492,0,0
621,1487,0.4793,0.059208,161.29,29.658,14,21,0.027987,0.035369,0.046412,0.068867,0.0095396,0.074742,0.061367,0.017068,0.06676,0.070375,0.02683,0.032435,0.024864,0.070144,0.079539,0,0.053604,0.5366,0.16701,0.20682,0.015177,0.20293,0.15236,0.23731,0.29887,0.084389,0.8484,0.13352,0.23122,0.24324,0.032668,0,13.862,73.15,19.689,15.804,34.128,21.996,41.678,144.33,51.939,52.395,55.526,58.209,60.119,65.425,65.919,0,0
551,1507,0.35854,0.058287,323.87,158.06,18,17,0.015462,0.040377,0.022849,0.09236,0.0068046,0.073021,0.058618,0.018057,0.056174,0.018823,0.02683,0.024224,0.030529,0.075002,0.10723,0,0.080619,0.40579,0.0080743,0.22354,0.069537,0.16957,0.19687,0.19464,0.19112,0.048186,0.8484,0.03862,0.27037,0.34732,0.049842,0,30.071,64.445,23.222,15.109,31.493,13.6,56.192,170.2,41.665,62.41,55.526,70.281,62.058,94.538,88.073,0,0
900,1990,0.13273,0.0069288,81.727,188.78,12,15,0.0327,0.017884,0.00037852,0.066792,0.0074378,0.074479,0.053062,0.077924,0.055149,0.10366,0.020363,0.011145,0.03638,0.040642,0.078444,0,0.098642,0.24078,0.024433,0.11322,0.08845,0.12439,0.051597,0.041139,0.11286,0.0024208,0.17778,0.1154,0.25215,0.16939,0.033343,0,6.458,89.14,25.476,11.506,29.547,28.491,42.717,158.87,44.257,58.628,40.469,73.659,46.796,53.755,72.281,0,0
594,1737,0.19648,0.019025,263.87,240.49,30,18,0.020069,0.038004,0.039879,0.066,0.0050224,0.066919,0.080731,0.013938,0.015967,0.053995,0.02683,0.021841,0.025595,0.08794,0.078676,0.00037594,0.029612,0.4278,0.086584,0.163,0.0113,0.15755,0.15311,0.17718,0.0083988,0.015443,0.8484,0.024916,0.21261,0.27472,0.026413,0.41424,5.8089,71.604,24.433,19.043,36.412,7.4409,59.028,173.47,43.814,53.514,55.526,69.019,58.068,93.24,77.283,208.29,0
553,1679,0.15692,0.039518,274.41,151.19,28,5,0.025894,0.041073,0.062333,0.10009,0.058285,0.058235,0.0091351,0.013373,0.022308,0.0095031,0.02683,0.051129,0.044317,0.088716,0.039607,0,0.049597,0.48426,0.064646,0.14881,0.11323,0.036867,0.18617,0.22295,0.069501,0.18886,0.8484,0.1089,0.3083,0.35114,0.05688,0,19.222,83.449,30.891,6.7414,12.899,6.9749,44.659,167.9,36.224,57.372,55.526,58.884,58.784,94.806,72.771,0,0
442,1471,0.63323,0.12452,67.803,54.026,5,10,0.0089416,0.024511,0.051227,0.068556,0.020859,0.035022,0.014725,0.039603,0.073777,0.013824,0.02683,0.092692,0.046419,0.11708,0.02594,0.0012139,0.034789,0.51869,0.20745,0.28882,0.2304,0.072813,0.29321,0.10971,0.20231,0.12606,0.8484,0.019883,0.16816,0.28678,0.19714,0.57684,4.3437,77.011,22.789,8.635,0.10795,35.995,55.674,74.587,21.371,34.832,55.526,38.38,48.301,98.343,77.88,183.73,0
586,1703,0.18205,0.04038,101.15,129.11,27,31,0.016625,0.035608,0.042275,0.096286,0.015924,0.038599,0.029992,0.049871,0.083063,0.038943,0.02683,0.089175,0.063826,0.10564,0.012837,0,0.021698,0.36299,0.092716,0.080249,0.3072,0.15585,0.13013,0.10592,0.3254,0.26841,0.8484,0.052626,0.24447,0.37403,0.016512,0,3.849,77.038,16.734,0.49337,20.543,25.893,50.366,138.14,43.932,39.961,55.526,32.233,42.144,91.01,61.259,0,0
494,2270,0.56273,0.11399,77.987,232.39,26,0,0.02029,0.055517,0.085382,0.086669,0.02119,0.014611,0.0034947,0.038209,0.093904,0.009702,0.065426,0.095415,0.078544,0.090434,0.0050054,0,0.048797,0.48326,0.2822,0.30996,0.11772,0.054573,0.18264,0.075914,0.066948,0.19907,0.050342,0.0047552,0.18513,0.23781,0.10446,0,11.073,71.454,35.844,11.898,21.18,24.59,42.546,90.174,22.186,31.033,7.6645,26.544,30.806,73.636,57.493,0,0
402,1596,0.49512,0.069266,46.472,86.061,10,27,0.019612,0.034589,0.041579,0.040899,0.028724,0.050319,0.048631,0.065324,0.074509,0.020106,0.00051405,0.10847,0.022794,0.095312,0.022858,0.004363,0.038944,0.30586,0.26988,0.22823,0.42212,0.038633,0.14956,0.13384,0.19699,0.066921,0.42791,0.12954,0.10121,0.15295,0.1124,0.47055,1.2532,39.277,21.81,20.803,33.269,56.175,46.288,73.777,36.908,37.515,5.9568,29.683,37.831,76.594,66.249,207.58,0
629,1692,0.42745,0.055381,36.395,83.544,24,16,0.021624,0.021645,0.034479,0.026008,0.005163,0.013411,0.050387,0.064265,0.041711,0.073963,0.013659,0.10046,0.079903,0.013892,0.018823,0,0.23005,0.20767,0.12565,0.17767,0.32171,0.016915,0.088328,0.10231,0.13395,0.0045139,0.088493,0.058478,0.21679,0.21726,0.06678,0,13.381,32.162,14.431,14.715,32.289,1.9412,30.973,63.215,33.854,60.786,4.7289,25.412,1.351,28.095,7.6132,0,0
1297,3063,0.55642,0.095444,22.569,164.24,10,40,0.00012676,0.032487,0.0086125,0.04052,0.025809,0.055723,0.038451,0.17171,0.091009,0.18255,0.023345,0.010543,0.084291,0.0083892,0.096403,0,0.21255,0.61725,0.10323,0.1841,0.20449,0.12362,0.11233,0.031809,0.31727,0.19359,0.059461,0.11418,0.2153,0.090441,0.21716,0,5.5538,96.777,26.998,29.255,4.007,3.3616,32.444,127.63,42.262,54.19,26.8,30.356,37.512,30.354,54.692,0,0
1098,2387,0.043306,0.038657,0.62644,69.564,24,29,0.0042261,0.045297,0.043567,0.067498,0.048087,0.075659,0.0070432,0.11203,0.086446,0.10927,0.016801,0.0090828,0.063208,0.046745,0.10724,0,0.060017,0.25127,0.051686,0.1588,0.22191,0.054447,0.026994,0.054421,0.3248,0.20447,0.085499,0.1992,0.23612,0.20751,0.10766,0,4.7829,46.845,24.79,14.096,2.7331,22.729,22.045,147.35,29.263,52.22,38.421,67.753,43.069,55.615,72.79,0,0
985,2015,0.020003,0.011725,131.86,87.965,24,22,0.01195,0.046509,0.010276,0.032178,0.019297,0.069894,0.033021,0.10735,0.03992,0.13986,0.0099758,0.00044254,0.044587,0.025699,0.060894,0,0.13843,0.35053,0.0024738,0.16469,0.11917,0.0052268,0.033975,0.13042,0.2562,0.11198,0.56379,0.35459,0.25018,0.2099,0.070593,0,28.245,64.999,12.581,18.774,15.613,27.645,25.036,154.43,26.092,59.085,21.397,68.256,30.667,33.637,59.722,0,0
679,1538,0.20965,0.0027902,47.581,196.8,4,30,0.030086,0.015544,0.051846,0.061749,0.028021,0.070624,0.041164,0.052263,0.047079,0.063084,0.02683,0.010252,0.033905,0.064711,0.10131,0.0020545,0.037814,0.20696,0.096161,0.082715,0.39208,0.19361,0.012139,0.029106,0.079392,0.15382,0.8484,0.26029,0.28295,0.25744,0.028408,0.41408,7.7276,66.468,14.589,12.518,9.3347,43.946,31.6,156.66,53.698,38.65,55.526,76.898,47.502,68.949,78.171,214.77,0
818,2126,0.21296,0.052874,141.13,211.48,5,23,0.016076,0.055953,0.01542,0.11332,0.0022201,0.069734,0.092616,0.04526,0.035101,0.056009,0.02683,0.006192,0.045732,0.10719,0.088495,0,0.043237,0.24485,0.0021406,0.0986,0.19779,0.23904,0.0024753,0.033424,0.0042455,0.050095,0.8484,0.30335,0.27975,0.30218,0.039768,0,12.123,37.84,18.344,6.1551,15.678,8.3631,53.345,171.9,40.74,55.009,55.526,74.92,52.008,84.33,90.422,0,0
602,1730,0.56684,0.078582,154.22,103.53,1,30,0.038082,0.036936,0.052684,0.086715,0.045179,0.037319,0.038881,0.052394,0.06654,0.034725,0.026618,0.11109,0.042242,0.072201,0.037168,0,0.08607,0.47179,0.19745,0.15037,0.4986,0.098435,0.10758,0.044523,0.35839,0.079708,0.7146,0.013086,0.17324,0.24405,0.034833,0,11.873,78.864,23.178,15.342,2.5716,24.755,69.194,86.591,47.334,70.228,38.477,39.455,38.827,83.155,78.428,0,0
943,2136,0.21919,0.012645,142.02,176.67,13,17,0.024322,0.022422,0.026687,0.073348,0.01136,0.067558,0.083073,0.040031,0.026658,0.11287,0.02683,0.0095743,0.038138,0.078006,0.10999,0.0032801,0.021826,0.2323,0.092885,0.10971,0.032799,0.18263,0.13925,0.0039802,0.095208,0.081047,0.8484,0.13556,0.28279,0.27061,0.028795,0.4144,21.761,65.011,18.213,9.589,31.634,2.1918,53.718,171.3,65.849,58.076,55.526,74.904,53.643,85.229,86.439,203.69,0
602,1674,0.38203,0.022999,28.885,329.52,29,12,0.012387,0.020885,0.031248,0.064086,0.025861,0.072679,0.041752,0.065301,0.027767,0.067368,0.02683,0.016955,0.025241,0.069937,0.099642,0,0.071259,0.58203,0.041409,0.20284,0.093011,0.26253,0.19936,0.099999,0.063527,0.035194,0.8484,0.077484,0.19458,0.31169,0.00077841,0,27.158,114.3,20.324,18.91,46.324,7.7932,54.629,168.34,45.785,67.558,55.526,69.498,42.663,78.031,76.532,0,0
1424,2839,0.022805,0.02782,170.45,154.11,27,69,0.025049,0.033287,0.081887,0.06433,7.1958e-05,0.076365,0.077558,0.07513,0.02801,0.088385,0.02683,0.012081,0.080579,0.11452,0.10638,0.0026282,0.091996,0.39899,0.076854,0.092775,0.26123,0.26809,0.10123,0.070504,0.1586,0.052578,0.8484,0.1347,0.19575,0.25433,0.042222,0.38398,12.073,85.406,13.571,18.483,0.15849,32.139,38.729,160.52,45.578,62.647,55.526,78.864,34.351,81.964,81.433,206.56,0
1148,1943,0.095104,0.0035802,41.42,101.6,30,2,0.06651,0.023205,0.042112,0.059082,0.016667,0.07502,0.039528,0.07721,0.025776,0.089098,0.02683,5.2839e-05,0.048117,0.076576,0.061892,0,0.026488,0.23911,0.056349,0.020069,0.27519,0.095726,0.059315,0.033152,0.045125,0.045897,0.8484,0.15889,0.17218,0.25862,0.012041,0,13.872,72.107,5.6895,1.2372,5.3341,45.094,30.39,144.66,47.816,53.565,55.526,69.137,26.863,60.018,61.051,0,0
715,1810,0.14426,0.011315,1.2155,218.72,9,3,0.022122,0.030214,0.0141,0.068251,0.007901,0.070468,0.033077,0.037923,0.025131,0.081339,0.017689,0.0040611,0.052001,0.070863,0.080072,0,0.058224,0.2373,0.02507,0.13605,0.17001,0.15344,0.04205,0.036779,0.26402,0.14699,0.55583,0.18225,0.33612,0.24868,0.0219,0,32.504,64.962,11.426,12.906,29.943,21.984,43.879,166.29,23.482,51.574,26.677,78.305,54.946,69.641,75.122,0,0
884,1966,0.11565,0.025396,181.24,85.297,6,12,0.00092333,0.045976,0.031547,0.068868,0.0058393,0.015742,0.024514,0.08399,0.01217,0.077366,0.013691,0.028734,0.026855,0.059759,0.049858,0,0.20836,0.4163,0.029432,0.093027,0.2392,0.072134,0.13533,0.048823,0.20422,0.00071225,0.4534,0.12916,0.297,0.35426,0.038317,0,33.294,63.967,2.8752,4.9197,24.311,13.697,46.993,136.93,25.83,55.321,32.867,63.742,46.945,73.368,58.239,0,0
542,1522,0.40278,0.051726,108.87,35.377,4,50,0.030588,0.033278,0.050863,0.080613,0.010564,0.042867,0.054037,0.0078521,0.054667,0.066722,0.036724,0.02306,0.0005976,0.082577,0.10758,0,0.14867,0.47467,0.18293,0.069885,0.22843,0.18969,0.031027,0.20937,0.22439,0.099685,0.62385,0.11688,0.13412,0.17088,0.0059852,0,19.911,34.93,15.128,2.3634,64.656,22.821,31.563,135.85,34.393,49.369,65.383,73.293,80.661,91.874,90.213,0,0
472,1542,0.28202,0.050804,271.46,163.78,8,46,0.018063,0.038286,0.027299,0.10411,0.0057798,0.041146,0.051288,0.0068634,0.044081,0.01517,0.036724,0.014849,0.0050668,0.087435,0.13527,0,0.17569,0.34386,0.02399,0.086605,0.14371,0.15633,0.075538,0.16671,0.11665,0.063481,0.62385,0.021978,0.17327,0.27496,0.088494,0,36.12,26.225,18.661,3.0583,62.022,12.775,46.077,161.71,24.118,59.384,65.383,85.365,82.601,120.99,112.37,0,0
821,2025,0.056209,0.014411,29.316,194.5,2,44,0.035301,0.015792,0.0048286,0.078538,0.006413,0.042604,0.045732,0.053004,0.067242,0.10001,0.030257,0.0017703,0.010918,0.053075,0.10649,0,0.0035735,0.17885,0.040349,0.023722,0.1248,0.11115,0.06974,0.069078,0.18733,0.017716,0.40233,0.098759,0.15505,0.097028,0.0053096,0,0.40841,50.92,20.915,6.6619,60.076,29.316,32.603,150.39,26.711,55.602,30.612,88.743,67.338,80.204,96.574,0,0
515,1772,0.11996,0.011542,211.45,246.21,20,47,0.02267,0.035913,0.044329,0.077747,0.0060472,0.035044,0.073401,0.010982,0.0038741,0.050343,0.036724,0.012467,0.00013284,0.10037,0.10672,0.00037594,0.065456,0.36586,0.1025,0.026063,0.22455,0.14431,0.031776,0.14924,0.082873,0.030739,0.62385,0.0082735,0.11551,0.20236,0.065066,0.41424,0.24066,33.384,19.872,0.8751,66.941,8.2658,48.914,164.99,26.268,50.488,65.383,84.103,78.611,119.69,101.58,208.29,0
474,1714,0.080397,0.032035,221.99,156.91,18,24,0.028495,0.038982,0.066783,0.11183,0.05726,0.02636,0.016465,0.011548,0.010215,0.0058505,0.036724,0.041754,0.018855,0.10115,0.067649,0,0.045471,0.42232,0.080563,0.011873,0.10002,0.050105,0.064834,0.19501,0.0049732,0.20416,0.62385,0.092261,0.2112,0.27878,0.095533,0,13.173,45.229,26.33,11.426,43.428,6.15,34.545,159.41,18.677,54.346,65.383,73.968,79.326,121.25,97.065,0,0
363,1506,0.5567,0.11704,15.391,59.745,5,39,0.011542,0.022419,0.055677,0.080302,0.021884,0.0031467,0.0073948,0.014683,0.061684,0.010171,0.036724,0.083317,0.020957,0.12951,0.053983,0.0012139,0.060279,0.45676,0.22337,0.15188,0.017149,0.059575,0.17187,0.13765,0.12783,0.14135,0.62385,0.036525,0.071059,0.21441,0.23579,0.57684,10.393,38.791,18.228,9.5327,30.421,35.17,45.56,66.1,3.8241,31.806,65.383,53.464,68.843,124.79,102.17,183.73,0
507,1738,0.10552,0.032897,48.736,134.83,17,60,0.019226,0.033517,0.046725,0.10803,0.016949,0.0067242,0.022662,0.024951,0.070969,0.035291,0.036724,0.0798,0.038364,0.11807,0.04088,0,0.11677,0.30106,0.10863,0.05669,0.09395,0.14261,0.0087897,0.077979,0.25093,0.28371,0.62385,0.069268,0.14737,0.30167,0.022141,0,9.8986,38.818,12.173,18.661,51.072,26.718,40.252,129.65,26.386,36.935,65.383,47.317,62.686,117.46,85.553,0,0
415,2305,0.48621,0.10651,25.576,226.67,36,29,0.022891,0.053425,0.089833,0.098415,0.020166,0.046486,0.0038352,0.013288,0.08181,0.0060494,0.055532,0.08604,0.053082,0.10287,0.023037,0,0.046271,0.42132,0.29812,0.17302,0.095535,0.067811,0.061305,0.047975,0.0075269,0.21436,0.27489,0.021397,0.088032,0.16545,0.14311,0,5.0235,33.234,31.283,6.2699,51.708,23.765,32.432,81.686,4.6399,28.007,2.1922,41.628,51.348,100.08,81.787,0,0
323,1631,0.4186,0.061784,5.9397,80.342,20,56,0.022212,0.032497,0.046029,0.052646,0.029749,0.018444,0.041301,0.040404,0.062416,0.016453,0.0093806,0.099092,0.0026683,0.10775,0.0509,0.004363,0.056124,0.24393,0.28579,0.091296,0.20887,0.025395,0.028226,0.16177,0.12251,0.082217,0.65246,0.14618,0.0041134,0.080587,0.15105,0.47055,4.7964,1.0571,17.249,2.6351,2.7399,55.35,36.174,65.289,19.362,34.489,15.813,44.767,58.373,103.04,90.543,207.58,0
550,1727,0.35093,0.047899,16.017,77.825,14,45,0.024224,0.019554,0.038929,0.037754,0.0061877,0.018464,0.043057,0.039344,0.029617,0.07031,0.0037646,0.091083,0.054441,0.026325,0.0092197,0,0.32511,0.14574,0.14157,0.040729,0.10846,0.0036771,0.033009,0.07437,0.059478,0.01981,0.31304,0.041836,0.11969,0.1449,0.028128,0,19.431,6.0578,9.8702,3.4522,1.7601,1.1163,20.859,54.727,16.308,57.76,14.586,40.496,21.893,54.544,31.907,0,0
1218,3098,0.63294,0.10293,29.843,169.96,0,69,0.0024739,0.030396,0.013063,0.052266,0.024784,0.023848,0.031121,0.14679,0.1031,0.1789,0.01345,0.0011679,0.058829,0.020822,0.12445,0,0.30761,0.55532,0.11915,0.047163,0.0087596,0.11038,0.23367,0.00387,0.39175,0.20888,0.28401,0.097535,0.1182,0.018077,0.17851,0,0.49577,58.557,22.437,11.088,34.536,2.5366,22.329,119.15,24.716,51.164,16.944,45.44,58.054,56.803,78.986,0,0
1019,2422,0.11983,0.04614,51.785,75.283,14,58,0.0016254,0.043206,0.039117,0.079244,0.047062,0.043784,0.014373,0.087108,0.09854,0.10562,0.0069062,0.00029197,0.037746,0.059178,0.13528,0,0.15508,0.18934,0.03577,0.021863,0.0086638,0.067685,0.094343,0.08236,0.39928,0.21977,0.31005,0.18256,0.13902,0.13515,0.069011,0,10.832,8.6252,20.229,4.0714,33.262,23.554,11.931,138.86,11.716,49.194,28.565,82.836,63.611,82.064,97.084,0,0
906,2050,0.096528,0.019207,184.27,93.684,14,51,0.014551,0.044417,0.014726,0.043924,0.018272,0.038019,0.025691,0.082432,0.052013,0.1362,0.01987,0.0098173,0.019125,0.038132,0.088937,0,0.23349,0.28859,0.01839,0.027749,0.094084,0.018465,0.15531,0.15836,0.33068,0.12727,0.78834,0.33795,0.15308,0.13754,0.03194,0,34.295,26.779,8.0198,0.60643,46.141,28.469,14.921,145.94,8.5456,56.059,11.541,83.34,51.209,60.086,84.016,0,0
600,1573,0.13312,0.010273,4.8311,202.52,6,59,0.032687,0.013453,0.056296,0.073495,0.029046,0.038749,0.033834,0.027343,0.034986,0.059431,0.036724,0.00087729,0.0084433,0.077144,0.12935,0.0020545,0.13288,0.14502,0.11208,0.054224,0.17883,0.18037,0.1092,0.0011669,0.0049174,0.16912,0.62385,0.24365,0.18585,0.18507,0.010245,0.41408,13.777,28.248,10.028,5.6498,21.194,44.771,21.485,148.17,36.152,35.625,65.383,91.981,68.045,95.398,102.46,214.77,0
739,2161,0.13643,0.045392,88.718,217.2,5,52,0.018676,0.053861,0.01987,0.12506,0.0032449,0.037859,0.085286,0.02034,0.023008,0.052356,0.036724,0.015567,0.02027,0.11962,0.11654,0,0.13831,0.18292,0.013776,0.038338,0.015457,0.22581,0.11886,0.0054852,0.07872,0.065391,0.62385,0.2867,0.18265,0.22982,0.07842,0,18.172,0.38036,13.783,12.013,46.206,9.1881,43.23,163.41,23.194,51.983,65.383,90.004,72.55,110.78,114.72,0,0
523,1765,0.49032,0.071099,101.81,109.25,11,59,0.040682,0.034845,0.057134,0.098462,0.046204,0.0054438,0.031551,0.027474,0.054447,0.031072,0.036513,0.10172,0.01678,0.084634,0.065211,0,0.18114,0.40986,0.21337,0.013435,0.28535,0.085197,0.013752,0.016584,0.28391,0.064413,0.93915,0.0035558,0.076145,0.17169,0.073485,0,17.923,40.644,18.616,2.8257,33.1,23.93,59.079,78.103,29.788,67.202,28.62,54.539,59.369,109.6,102.72,0,0
864,2171,0.14266,0.0051623,89.609,182.39,23,46,0.026923,0.020331,0.031137,0.085094,0.012384,0.035683,0.075743,0.015111,0.014565,0.10921,0.036724,0.00019953,0.012676,0.090439,0.13803,0.0032801,0.11689,0.17036,0.1088,0.027224,0.18045,0.16939,0.017911,0.023959,0.020734,0.096343,0.62385,0.11891,0.18569,0.19825,0.0098576,0.4144,27.81,26.791,13.651,8.5787,62.163,1.3669,43.604,162.82,48.302,55.05,65.383,89.988,74.185,111.68,110.73,203.69,0
523,1709,0.3055,0.015516,23.526,335.24,19,41,0.014988,0.018794,0.035698,0.075833,0.026886,0.040804,0.034422,0.040381,0.03986,0.063715,0.036724,0.00758,0.00022057,0.082371,0.12768,0,0.16633,0.5201,0.057325,0.065898,0.30626,0.24929,0.078023,0.12794,0.138,0.05049,0.62385,0.060842,0.097481,0.23933,0.039431,0,33.207,76.076,15.763,0.74258,76.853,8.6181,44.515,159.85,28.239,64.532,65.383,84.582,63.205,104.48,100.83,0,0
1345,2874,0.09933,0.035303,222.86,159.83,17,98,0.02765,0.031196,0.086337,0.076076,0.0010967,0.04449,0.070228,0.05021,0.040103,0.084732,0.036724,0.0027065,0.055117,0.12695,0.13443,0.0026282,0.18706,0.33706,0.092771,0.044163,0.047976,0.25485,0.22256,0.098443,0.23307,0.067873,0.62385,0.11806,0.09865,0.18197,0.0035689,0.38398,18.123,47.186,9.0099,0.31491,30.37,32.964,28.614,152.03,28.032,59.621,65.383,93.948,54.894,108.41,105.73,206.56,0
1069,1978,0.17163,0.011063,93.832,107.32,20,27,0.069111,0.021114,0.046562,0.070829,0.015642,0.043145,0.032198,0.052289,0.013682,0.085445,0.036724,0.0093219,0.022655,0.089009,0.089934,0,0.06858,0.17718,0.072265,0.15701,0.061938,0.082488,0.18065,0.0052127,0.02935,0.061192,0.62385,0.14225,0.075078,0.18625,0.026612,0,19.922,33.887,1.1284,16.931,35.863,45.919,20.275,136.17,30.27,50.539,65.383,84.221,47.405,86.467,85.345,0,0
636,1845,0.067737,0.018797,53.627,224.44,1,32,0.024723,0.028123,0.01855,0.079998,0.0068763,0.038593,0.025747,0.013002,0.037225,0.077687,0.027583,0.0053137,0.026539,0.083296,0.10812,0,0.15329,0.17537,0.0091534,0.00089369,0.043237,0.1402,0.079287,0.0088397,0.33849,0.16228,0.78038,0.16561,0.23903,0.17632,0.016753,0,38.553,26.742,6.8648,5.2614,60.472,22.809,33.764,157.8,5.936,48.548,16.82,93.389,75.488,96.09,99.416,0,0
805,2001,0.039122,0.017914,233.65,91.016,4,41,0.0016773,0.043885,0.035997,0.080614,0.006864,0.016133,0.017184,0.05907,0.024263,0.073714,0.023585,0.019359,0.0013932,0.072192,0.077901,0,0.30342,0.35437,0.013516,0.043912,0.02595,0.058896,0.013997,0.020884,0.2787,0.016008,0.67795,0.11252,0.1999,0.2819,0.00033575,0,39.344,25.747,1.6859,13.248,54.84,14.522,36.879,128.44,8.2833,52.295,23.01,78.826,67.488,99.817,82.533,0,0
316,128,0.022164,0.035501,74.672,80.348,37,44,0.063823,0.019508,0.022994,0.015769,0.095597,0.0026967,0.10816,0.014708,0.019815,0.034818,0.0043528,0.067375,0.019663,0.014764,0.074284,0,0.038951,0.025379,0.017658,0.069815,0.072452,0.22745,0.13638,0.05127,0.32369,0.025859,1.5474,0.013422,0.07992,0.16962,0.096261,0,7.8717,13.674,11.171,4.9565,15.114,4.9948,30.259,6.0206,40.547,5.8944,100.32,28.29,23.965,6.8861,17.482,0,1
246,108,0.14292,0.036423,237.26,208.75,41,40,0.076348,0.0145,0.046557,0.0077235,0.079253,0.00097563,0.10541,0.013719,0.0092291,0.016734,0.0043528,0.075586,0.013998,0.019622,0.10198,0,0.011936,0.15619,0.1766,0.053096,0.012262,0.19409,0.18089,0.0086037,0.21595,0.010345,1.5474,0.081482,0.040771,0.065533,0.013752,0,24.081,22.379,7.6382,5.6514,12.479,30.601,44.773,19.842,30.273,4.121,100.32,40.362,25.904,22.227,39.637,0,1
595,375,0.36873,0.10164,4.8855,239.47,35,38,0.059111,0.036993,0.069028,0.017844,0.07862,0.0024333,0.099856,0.046148,0.10209,0.068101,0.0021143,0.088665,0.0081475,0.014738,0.07319,0,0.1912,0.3212,0.16024,0.16342,0.031175,0.1489,0.035613,0.22718,0.088033,0.05611,0.52118,0.0047004,0.05899,0.24346,0.096937,0,12.448,2.3158,5.3846,9.255,10.533,11.489,31.298,8.5195,32.865,0.33849,4.3206,43.741,10.642,18.556,23.844,0,1
289,122,0.30498,0.075685,177.25,291.18,53,41,0.071741,0.016873,0.029527,0.018636,0.09108,0.0051267,0.12753,0.017838,0.030977,0.018439,0.0043528,0.077968,0.018932,0.03256,0.073422,0.00037594,0.12217,0.13418,0.098088,0.11364,0.068575,0.18207,0.13713,0.0088644,0.016424,0.043087,1.5474,0.095186,0.098532,0.13813,0.03718,0.41424,11.799,15.219,6.4271,1.718,17.398,9.5604,47.609,23.118,32.422,4.7747,100.32,39.1,21.915,20.929,28.846,208.29,1
248,64,0.34454,0.055191,187.79,201.88,51,18,0.065916,0.013803,0.0070733,0.01545,0.027773,0.013811,0.037659,0.018403,0.024637,0.026054,0.0043528,0.048681,0.00021046,0.033336,0.034353,0,0.14215,0.077724,0.12003,0.12783,0.055956,0.012349,0.17019,0.036912,0.094324,0.13033,1.5474,0.011199,0.0028403,0.061713,0.0067133,0,25.212,3.3748,0.030848,14.019,6.1145,23.976,33.24,17.541,24.832,0.91717,100.32,28.965,22.63,22.495,24.335,0,1
137,144,0.13176,0.029811,18.81,104.72,28,33,0.082869,0.030366,0.01818,0.016081,0.10692,0.037024,0.061519,0.0078271,0.026832,0.021733,0.0043528,0.0071179,0.0018917,0.0617,0.020686,0.0012139,0.12734,0.043289,0.022779,0.012179,0.17312,0.097331,0.27723,0.29575,0.22713,0.067526,1.5474,0.13999,0.14298,0.12608,0.13354,0.57684,1.6463,9.8132,8.071,12.126,19.122,52.996,44.255,75.767,9.9788,23.457,100.32,8.4615,12.147,26.032,29.444,183.73,1
281,88,0.31942,0.05433,14.535,179.8,50,54,0.075185,0.019269,0.027132,0.011649,0.10198,0.033446,0.076786,0.018095,0.036118,0.0033867,0.0043528,0.010635,0.019299,0.050262,0.0075828,0,0.070857,0.19899,0.091956,0.19639,0.24993,0.18037,0.11414,0.080123,0.35022,0.20988,1.5474,0.17273,0.066675,0.038826,0.080105,0,2.141,9.7853,14.127,21.254,1.5296,8.892,38.947,12.213,32.54,18.328,100.32,2.314,5.9899,18.699,12.822,0,1
189,655,0.061268,0.01928,8.6255,181.7,3,23,0.07152,0.00063985,0.015976,0.0020327,0.064867,0.086657,0.050289,0.0064328,0.046959,0.025855,0.087903,0.0043951,0.034017,0.035054,0.010259,0,0.14135,0.078723,0.09753,0.033319,0.06044,0.030055,0.16666,0.11013,0.09177,0.14054,0.64861,0.12486,0.12601,0.17505,0.040864,0,17.063,15.37,4.9839,8.863,2.1657,41.591,31.127,60.181,10.795,27.256,37.125,3.3748,5.3478,1.3248,9.0564,0,1
97,19,0.0063441,0.025443,40.141,35.372,13,50,0.072199,0.020288,0.027828,0.043737,0.11478,0.021727,0.095425,0.033548,0.027564,0.015451,0.022991,0.0086572,0.021734,0.039933,0.017604,0.004363,0.1315,0.25612,0.085205,0.048404,0.36484,0.06315,0.13358,0.31988,0.22181,0.0083909,0.27104,0.24964,0.20993,0.2599,0.048804,0.47055,7.2431,47.547,9.0502,0.042,52.283,73.176,34.869,76.578,25.517,20.775,50.747,0.23521,1.6773,4.2829,17.813,207.58,1
324,77,0.074016,0.039328,50.218,32.854,47,39,0.070187,0.033232,0.034927,0.058629,0.09122,0.058635,0.097181,0.032489,0.0052344,0.038406,0.036136,0.00064835,0.035375,0.041488,0.024077,0,0.13749,0.35431,0.059021,0.098971,0.26443,0.041433,0.072345,0.083731,0.15877,0.054017,0.61046,0.061623,0.094353,0.19559,0.13037,0,7.3912,54.662,16.429,6.0453,51.303,18.942,19.554,87.14,22.463,2.4968,49.519,4.5062,34.803,44.216,40.823,0,1
992,1448,1.0579,0.19015,64.044,214.93,33,63,0.091937,0.022389,0.060794,0.044116,0.060248,0.016322,0.085244,0.13993,0.13795,0.14699,0.045822,0.089267,0.039763,0.046991,0.091149,0,0.11999,0.055269,0.081442,0.092537,0.14722,0.14813,0.12831,0.15423,0.29245,0.13506,0.63949,0.0059242,0.09584,0.32241,0.28075,0,11.544,9.9533,3.8625,8.4944,15.007,20.363,21.025,22.721,30.871,4.0995,17.99,0.43765,1.3583,41.957,6.2552,0,1
793,772,0.54477,0.13337,85.986,120.25,47,52,0.096037,0.0095796,0.11297,0.017139,0.037971,0.0036137,0.039751,0.080253,0.13339,0.073713,0.039278,0.090727,0.018681,0.008635,0.10198,0,0.032539,0.31071,0.23636,0.11784,0.16464,0.02993,0.011011,0.24046,0.29998,0.14594,0.61345,0.079097,0.075017,0.20534,0.17126,0,1.2071,39.979,6.0705,6.6645,16.281,5.7278,10.626,3.0074,17.871,6.0693,6.3686,37.834,6.9153,16.696,24.354,0,1
680,400,0.52147,0.10643,218.47,138.65,47,45,0.07986,0.0083684,0.059131,0.052459,0.06676,0.0021515,0.079814,0.075577,0.086865,0.1043,0.012501,0.10025,6.014e-05,0.029681,0.05564,0,0.04587,0.21145,0.1822,0.11195,0.061892,0.019291,0.049958,0.31646,0.23138,0.053445,0.13516,0.23449,0.060959,0.20295,0.13419,0,22.256,21.825,18.279,1.9866,3.4012,10.643,13.617,4.0746,14.7,0.7961,23.393,38.337,5.487,38.674,11.285,0,1
374,77,0.29182,0.0975,39.032,247.49,27,53,0.061725,0.039333,0.01756,0.022888,0.11408,0.0014219,0.087958,0.020487,0.00013434,0.027527,0.0043528,0.089558,0.010622,0.0093309,0.096055,0.0020545,0.054741,0.35502,0.088511,0.19392,0.3348,0.21813,0.0038443,0.15694,0.10421,0.095294,1.5474,0.14019,0.028192,0.15542,0.092001,0.41408,1.7376,20.356,16.272,8.2428,28.348,26.945,20.181,6.3053,42.306,19.639,100.32,46.979,11.348,3.3625,29.734,214.77,1
513,511,0.28851,0.041835,54.517,262.17,28,46,0.075735,0.0010758,0.053987,0.02868,0.088278,0.0023112,0.13941,0.013485,0.011844,0.020452,0.0043528,0.106,0.0012048,0.05181,0.083241,0,0.049318,0.31713,0.18681,0.17804,0.14052,0.26356,0.013508,0.15262,0.020577,0.0084351,1.5474,0.18325,0.031387,0.11068,0.023826,0,6.1328,48.984,12.517,14.606,3.3362,8.6381,41.926,21.545,29.349,3.2798,100.32,45.001,15.854,12.019,41.985,0,1
297,115,0.065378,0.016128,67.611,154.22,22,53,0.053729,0.017941,0.016723,0.0020791,0.13124,0.034727,0.085675,0.020618,0.019595,0.00083178,0.0041415,0.011281,0.0022857,0.016821,0.031914,0,0.0064853,0.090185,0.012783,0.12627,0.44133,0.12295,0.091601,0.14152,0.38321,0.13824,0.01565,0.10702,0.1379,0.1688,0.028761,0,5.8833,7.9601,7.6828,5.4188,16.442,41.756,57.775,63.764,35.943,11.939,6.3132,9.5365,2.6733,10.844,29.992,0,1
638,521,0.28228,0.082065,55.408,227.36,10,40,0.067489,0.032454,0.04272,0.011289,0.097417,0.0044873,0.12987,0.0082553,0.020287,0.077309,0.0043528,0.090235,0.0063895,0.022626,0.10474,0.0032801,0.070729,0.32968,0.091787,0.16692,0.024477,0.20714,0.12326,0.18206,0.12003,0.022517,1.5474,0.015454,0.028354,0.14224,0.092389,0.4144,15.771,21.813,12.648,11.172,12.62,19.193,42.299,20.949,54.457,0.21337,100.32,44.985,17.489,12.918,38.003,203.69,1
297,59,0.11944,0.071711,57.727,380.21,52,35,0.079423,0.033992,0.038159,0.02055,0.11192,0.00063315,0.088546,0.033525,0.074712,0.031811,0.0043528,0.082855,0.019286,0.014558,0.094388,0,0.021296,0.020053,0.14326,0.073802,0.15029,0.28705,0.18338,0.28604,0.038705,0.023336,1.5474,0.042618,0.11656,0.10116,0.062815,0,21.168,27.472,10.536,1.8505,27.311,9.2081,43.21,17.985,34.393,9.2689,100.32,39.58,6.5088,5.7204,28.096,0,1
1119,1224,0.52427,0.12253,257.06,204.8,50,92,0.066762,0.02159,0.012481,0.020306,0.086129,0.0043191,0.12435,0.043354,0.074955,0.052828,0.0043528,0.087728,0.036052,0.059136,0.10113,0.0026282,0.000559,0.16299,0.10782,0.18386,0.20395,0.2926,0.11721,0.25654,0.13377,0.0059527,1.5474,0.014599,0.11539,0.15853,0.10582,0.38398,6.0833,1.4174,17.289,2.2782,19.172,15.137,27.31,10.161,34.187,4.358,100.32,48.945,1.8023,9.6526,32.997,206.56,1
843,328,0.59657,0.09829,128.03,152.29,53,21,0.0253,0.031672,0.027294,0.025554,0.069391,0.002975,0.086321,0.045434,0.021169,0.053541,0.0043528,0.099757,0.0035899,0.021196,0.056637,0,0.11904,0.32287,0.12832,0.29671,0.21791,0.12024,0.075298,0.15289,0.069947,0.012634,1.5474,0.03879,0.13896,0.15424,0.075634,0,7.882,14.717,25.171,19.524,13.68,28.093,18.971,5.6932,36.425,4.7238,100.32,39.218,9.2907,12.293,12.614,0,1
410,195,0.3572,0.10602,87.828,269.41,32,26,0.069688,0.024663,0.055306,0.016385,0.078156,0.0015779,0.07987,0.0061469,0.072076,0.045783,0.0047883,0.095749,0.0074734,0.015484,0.074818,0,0.034332,0.32468,0.20974,0.14059,0.11274,0.17795,0.026066,0.14926,0.2392,0.088456,0.14313,0.062148,0.024984,0.16417,0.085494,0,26.514,21.861,19.434,7.8545,10.929,4.9825,32.46,15.932,12.091,6.7148,18.113,48.386,18.792,2.6704,26.685,0,1
579,351,0.38582,0.069313,267.85,135.99,29,35,0.092734,0.0089009,0.037859,0.015769,0.091897,0.056303,0.071308,0.052214,0.059115,0.04181,0.0087862,0.071076,0.017672,0.004379,0.044604,0,0.1158,0.14568,0.2141,0.18361,0.18193,0.096651,0.11935,0.13722,0.1794,0.057818,0.24556,0.0090587,0.014141,0.058595,0.10191,0,27.304,22.857,27.985,15.841,5.2976,3.3044,35.574,13.422,14.438,2.968,11.923,33.823,10.791,1.0566,9.8025,0,1
27,539,0.040703,0.022705,266.03,2.5577,33,9,0.0096789,0.015311,0.019065,0.0041434,0.019154,0.014997,0.0053704,0.047847,0.017769,0.010828,0,0.033853,0.013261,0.046175,0.0022562,0.0031232,0.13589,0.17917,0.025888,0.019413,0.4499,0.018264,0.098991,0.28136,0.095305,0.078106,0,0.11233,0.080718,0.10466,0.13009,0.56836,13.221,12.145,0.92801,2.6623,52.503,33.382,17.658,47.153,2.7338,7.2111,0,7.3293,1.2958,32.805,17.377,177.58,1
97,519,0.16146,0.023626,428.62,130.96,37,13,0.002846,0.020319,0.042628,0.027636,0.035498,0.013276,0.0081189,0.046858,0.0071826,0.040725,0,0.042064,0.018926,0.041316,0.025437,0.0031232,0.1629,0.04836,0.18483,0.036133,0.36519,0.015097,0.05448,0.2387,0.012438,0.041902,0,0.017426,0.11987,0.00058058,0.047581,0.56836,29.429,3.4398,2.6047,1.9674,49.868,2.2135,3.1439,73.016,7.5405,17.227,0,19.401,3.2352,3.6916,4.7777,177.58,1
252,36,0.38727,0.088842,186.47,161.68,31,15,0.014392,0.0021741,0.065099,0.0020684,0.036131,0.014734,0.013675,0.013009,0.10414,0.044111,0.0064671,0.055142,0.024777,0.075677,0.0033504,0.0031232,0.016357,0.11665,0.16847,0.074194,0.34627,0.060279,0.19976,0.0029138,0.31642,0.0038631,1.0262,0.094207,0.10165,0.17851,0.13077,0.56836,7.0991,28.135,4.8583,1.6362,47.922,39.877,16.618,61.693,4.9482,13.444,95.995,22.78,12.027,44.475,11.015,177.58,1
54,289,0.32352,0.062889,368.61,213.39,49,12,0.0017614,0.017946,0.025598,0.0012765,0.023671,0.0071735,0.013994,0.050977,0.033024,0.0055518,0,0.044446,0.013992,0.028379,0.0031184,0.0027473,0.052673,0.070366,0.10632,0.024409,0.44602,0.027113,0.098241,0.22123,0.21196,0.0091593,0,0.0037211,0.062106,0.073178,0.071009,0.15412,6.45,10.599,3.8158,5.9008,54.788,18.827,0.3071,76.292,5.3912,8.3309,0,18.139,0.75457,4.9894,6.0129,30.706,1
95,347,0.36308,0.042395,379.15,124.09,47,35,0.0075861,0.021016,0.0031442,0.035363,0.086978,0.0015107,0.075872,0.051543,0.026683,0.050044,0,0.015159,0.032714,0.027603,0.042188,0.0031232,0.032688,0.12683,0.12826,0.038599,0.32149,0.22153,0.065183,0.26701,0.13406,0.18258,0,0.087709,0.1578,0.0032395,0.040542,0.56836,19.863,22.444,10.274,6.4006,31.275,4.4114,14.677,70.715,12.981,12.188,0,8.0042,0.039127,3.424,10.524,177.58,1
206,555,0.11322,0.042607,172.55,26.926,24,20,0.0093665,0.0044529,0.014251,0.0038319,0.0078343,0.024724,0.052012,0.025312,0.024786,0.045723,0,0.026405,0.034816,0.00076141,0.055855,0.0019093,0.047496,0.16126,0.014549,0.10141,0.20432,0.11185,0.041855,0.06566,0.001256,0.11977,0,0.041078,0.017656,0.061127,0.099714,0.0084857,3.7026,16.006,2.1718,4.507,18.267,24.609,3.6616,22.594,27.835,10.352,0,12.499,10.522,0.11307,5.4153,6.1477,1
62,323,0.33796,0.041533,205.89,102.01,46,1,0.0016828,0.01555,0.023203,0.031562,0.01277,0.021146,0.036745,0.015044,0.034071,0.020604,0,0.022888,0.052223,0.010677,0.068958,0.0031232,0.10398,0.0055629,0.10019,0.10716,0.12752,0.028815,0.12123,0.14997,0.12184,0.26213,0,0.07382,0.093963,0.026127,0.11393,0.56836,3.2079,16.033,3.8838,13.635,38.919,37.28,8.9693,40.961,5.2732,5.2222,0,18.647,16.679,7.2201,22.037,177.58,1
154,244,0.042729,0.032077,182.73,259.49,7,30,0.0019821,0.035459,0.019905,0.021945,0.049884,0.074357,0.063242,0.026707,0.044912,0.049845,0.092256,0.029127,0.066941,0.025885,0.0868,0.0031232,0.033488,0.12583,0.0893,0.12255,0.31701,0.23924,0.068713,0.11997,0.13661,0.19278,0.89875,0.02595,0.034629,0.11009,0.007035,0.56836,11.714,10.449,15.227,1.2442,39.555,13.203,16.789,7.0069,27.019,14.151,63.191,24.336,28.017,24.594,25.803,177.58,1
246,430,0.024883,0.012647,151.22,113.16,9,3,0.0013035,0.014531,0.023899,0.023824,3.0443e-05,0.0094267,0.018106,0.0004086,0.025518,0.039441,0.027344,0.04218,0.011191,0.021006,0.058937,0.0012398,0.043341,0.051571,0.076975,0.040824,0.012605,0.14603,0.10179,0.089783,0.0065739,0.060638,1.2763,0.15074,0.04929,0.19495,0.014976,0.097808,1.8943,21.728,1.1927,7.6608,14.893,44.788,13.047,23.404,12.297,7.669,49.569,21.196,20.992,21.636,17.047,29.999,1
19,334,0.092555,0.026532,141.14,110.64,43,14,0.0033155,0.0015873,0.030998,0.038716,0.02353,0.046335,0.01635,0.00065049,0.0072808,0.014415,0.040489,0.034171,0.068299,0.10243,0.10062,0.0031232,0.31233,0.14976,0.067251,0.0097425,0.11301,0.16775,0.16303,0.14636,0.069609,0.00177,0.9369,0.037284,0.066286,0.13064,0.1642,0.56836,12.74,28.843,6.1862,1.5735,13.914,9.4451,28.362,33.966,15.351,15.602,50.797,25.467,57.472,70.135,75.682,177.58,1
649,1037,1.0764,0.17736,127.32,137.14,29,10,0.018435,0.01243,0.056865,0.024204,0.054503,0.0040218,0.028286,0.10679,0.14,0.123,0.050175,0.055745,0.072687,0.10793,0.014608,0.0031232,0.29483,0.25982,0.089672,0.003309,0.23023,0.061048,0.36368,0.075862,0.52083,0.18731,0.90786,0.092983,0.064799,0.25746,0.31458,0.56836,6.1949,35.772,6.3804,16.113,22.382,8.0247,26.892,30.453,6.9427,9.0061,82.326,20.523,21.311,67.876,28.604,177.58,1
450,361,0.56331,0.12057,105.37,42.464,43,1,0.022534,0.02524,0.10904,0.002774,0.07678,0.015914,0.07378,0.047113,0.13544,0.049722,0.043631,0.057204,0.051605,0.069574,0.025444,0.0031232,0.1423,0.10616,0.24459,0.028609,0.21281,0.23911,0.22436,0.010367,0.52836,0.19819,0.9339,0.178,0.085622,0.14039,0.20509,0.56836,4.1418,14.16,4.1724,0.95428,21.108,34.115,37.29,50.166,19.943,7.0363,93.947,16.873,15.754,42.615,10.505,177.58,1
337,11,0.54001,0.093638,27.113,60.865,43,8,0.0063579,0.026451,0.055202,0.032546,0.047991,0.010149,0.033717,0.042437,0.088911,0.080309,0.016854,0.06673,0.032984,0.09062,0.0209,0.0031232,0.22071,0.0069024,0.19043,0.022723,0.31556,0.18989,0.28533,0.086363,0.45977,0.10569,1.4122,0.3334,0.09968,0.138,0.16802,0.56836,27.604,3.9943,8.0366,5.6321,33.988,39.031,34.3,57.248,23.113,13.902,76.923,17.377,28.156,64.593,23.574,177.58,1
31,488,0.31036,0.084703,152.33,169.7,23,0,0.011778,0.0045133,0.013631,0.002975,0.00067251,0.010878,0.025573,0.012652,0.0019121,0.0035366,0,0.056035,0.022302,0.051608,0.019514,0.0010687,0.1201,0.15047,0.096741,0.1047,0.042644,0.0089447,0.23922,0.073159,0.12417,0.14754,0,0.2391,0.13245,0.090465,0.12583,0.15428,7.0865,5.4626,6.0286,0.62405,9.0406,55.333,27.736,59.479,4.4929,6.5331,0,26.018,11.321,29.281,5.1248,37.195,1
170,100,0.30705,0.029039,245.88,184.38,24,7,0.0022323,0.035895,0.050057,0.048593,0.026473,0.009989,0.025879,0.019655,0.01389,0.0035382,0,0.072479,0.034129,0.0091292,0.0067005,0.0031232,0.12552,0.11258,0.19504,0.08881,0.23693,0.054379,0.24888,0.077478,0.20781,0.043811,0,0.28215,0.12925,0.045724,0.057655,0.56836,11.482,23.165,2.2737,6.9869,34.053,19.749,5.9909,74.719,8.4647,9.8258,0,24.04,6.8151,13.9,7.1261,177.58,1
46,296,0.046839,0.0033314,258.97,76.434,18,0,0.019773,0.016879,0.012794,0.021992,0.016485,0.022426,0.027856,0.012521,0.017549,0.024822,0.00021136,0.044803,0.030638,0.044118,0.044627,0.0031232,0.16835,0.11436,0.0045527,0.037037,0.06388,0.08623,0.14377,0.088576,0.15483,0.085992,1.563,0.0081082,0.022742,0.10385,0.06259,0.56836,11.232,17.859,2.56,2.2,20.947,13.368,9.8583,10.59,1.871,25.045,94.003,11.424,19.996,15.075,4.8674,177.58,1
295,110,0.30082,0.069268,246.77,149.57,6,13,0.0060138,0.0023648,0.038791,0.0086239,0.017334,0.0078129,0.016336,0.024884,0.022333,0.053319,0,0.056713,0.026535,0.038312,0.028197,0.00015694,0.10411,0.12513,0.10002,0.077696,0.40192,0.0020392,0.11211,0.048033,0.10835,0.074763,0,0.11436,0.13228,0.077289,0.12622,0.15395,21.119,4.0061,2.4049,3.553,50.01,9.1945,5.6172,74.123,16.643,12.892,0,24.024,5.1799,13.001,3.1438,26.107,1
46,352,0.13798,0.058914,133.63,302.42,48,18,0.0059209,0.00082748,0.03423,0.00063739,0.0028324,0.012933,0.024985,0.00038587,0.076758,0.0078206,0,0.049332,0.013638,0.046381,0.017847,0.0031232,0.15354,0.2246,0.15149,0.015426,0.52773,0.077862,0.051995,0.055946,0.26709,0.02891,0,0.056289,0.044078,0.036212,0.096644,0.56836,26.517,53.291,0.29362,5.7683,64.7,19.179,4.7066,71.158,3.4202,22.374,0,18.619,16.16,20.198,6.7632,177.58,1
776,813,0.54281,0.10973,65.704,127.01,46,39,0.0067408,0.01323,0.01641,0.00039363,0.028621,0.016619,0.010821,0.010215,0.077001,0.028837,0,0.054206,0.068976,0.0018031,0.024588,0.00049499,0.17428,0.041563,0.11605,0.094635,0.1735,0.08342,0.35258,0.026451,0.36216,0.046294,0,0.11351,0.045247,0.093574,0.13964,0.18438,11.432,24.401,7.0465,5.3406,18.217,43.525,20.607,63.335,3.6268,17.464,0,27.984,24.471,16.266,1.8624,28.976,1
500,83,0.61511,0.085493,63.326,74.497,49,32,0.048202,0.0031473,0.023365,0.0056415,0.04536,0.015275,0.02721,0.012295,0.023216,0.029551,0,0.066234,0.036514,0.039742,0.019903,0.0031232,0.055797,0.11832,0.13655,0.20748,0.15953,0.088939,0.31067,0.077205,0.15844,0.039613,0,0.1377,0.021675,0.089285,0.10946,0.56836,13.231,11.102,14.928,11.905,23.709,56.481,28.946,47.481,1.3889,8.3817,0,18.257,31.96,38.211,22.245,177.58,1
67,216,0.37574,0.093228,103.53,191.62,28,27,0.0038139,0.010157,0.051377,0.0035276,0.036594,0.010722,0.033661,0.026992,0.074123,0.021792,0.0091412,0.062226,0.040398,0.045455,0.0017223,0.0031232,0.14051,0.12013,0.21797,0.051366,0.26471,0.031229,0.2093,0.080832,0.46758,0.1407,1.4042,0.16106,0.18562,0.099222,0.11932,0.56836,31.863,3.9574,9.1915,0.23569,48.318,33.37,15.457,69.106,25.723,6.3908,82.203,27.425,3.8772,28.589,8.1738,177.58,1
236,60,0.40436,0.056517,76.49,58.197,25,18,0.019231,0.025918,0.03393,0.004144,0.022854,0.044003,0.042223,0.019075,0.061161,0.017819,0.013139,0.037553,0.015252,0.05656,0.031936,0.0031232,0.29064,0.05887,0.22233,0.094384,0.19552,0.11253,0.11602,0.092876,0.40778,0.0055717,1.3018,0.10797,0.1465,0.0063573,0.13574,0.56836,32.653,2.9617,17.742,8.2223,42.687,25.083,12.343,39.751,23.375,10.138,88.393,12.863,11.878,24.862,25.057,177.58,1
