617,627,0.51875,0.02857,112.47,239.32,23,25,0.016681,0.02167,0.00065571,0.0066215,0.0608,0.0040277,0.029893,0.00064383,0.034006,0.01871,0.032817,0.083754,0.040051,0.0065375,0.087605,0,0.13489,0.76556,0.0079297,0.023815,0.049764,0.045981,0.050576,0.0066155,0.025715,0.099469,0.098743,0.010495,0.058556,0.17148,0.29628,0,15.827,19.674,9.0859,1.2377,6.3893,11.842,23.755,17.692,5.1971,38.784,17.089,46.184,35.154,3.8,123.47,0,0
442,399,0.70489,0.046521,124.73,216.95,3,9,0.0049339,0.02167,0.00053344,0.011037,0.055079,0.006616,0.032146,0.070412,0.05223,0.025059,0.028864,0.095938,0.023611,0.072759,0.087605,0,0.1323,0.76556,0.0011538,0.065622,0.023985,0.02303,0.0043272,0.0013964,0.01116,0.053067,0.068852,0.02991,0.11549,0.1333,0.29628,0,7.9299,19.674,2.1514,6.209,1.8715,16.896,22.263,20.237,0.2151,28.076,19.088,38.261,31.857,31.04,123.47,0,0
531,204,0.34589,0.00087772,85.611,336.33,19,42,0.017432,0.02167,0.02414,0.01756,0.07414,0.013,0.054845,0.019201,0.081966,0.075787,0.017251,0.09622,0.059696,0.016803,0.087605,0,0.12809,0.76556,0.040643,0.056537,0.09661,0.014939,0.0021809,0.038625,0.10468,0.090727,0.030507,0.052861,0.032568,0.14651,0.29628,0,1.6436,19.674,3.0805,4.8144,19.929,29.494,23.791,4.5163,13.041,22.869,15.657,16.254,37.491,13.703,123.47,0,0
819,1022,0.9711,0.082419,125.6,287.65,11,0,0.017381,0.02167,0.0025528,0.01326,0.059412,0.0094783,0.026716,0.078994,0.0089994,0.044793,0.080579,0.1049,0.0045452,0.09292,0.087605,0,0.15229,0.76556,0.12437,0.04884,0.0072978,0.05764,0.023808,0.0049836,0.10617,0.028877,0.068784,0.21262,0.14167,0.36302,0.29628,0,35.448,19.674,20.517,13.813,0.27945,1.5042,7.7854,6.5341,4.0263,56.311,37.79,142.07,43.599,9.0333,123.47,0,0
793,1079,1.2562,0.06273,73.723,320.02,18,4,0.024327,0.02167,0.0050018,0.016182,0.075633,0.010045,0.019797,0.062763,0.022469,0.040987,0.025605,0.1049,0.0087188,0.10937,0.087605,0,0.15304,0.76556,0.0075312,0.084731,0.067662,0.062167,0.073474,0.062988,0.012601,0.087642,0.094612,0.21262,0.13608,0.039867,0.29628,0,16.551,19.674,14.782,9.393,7.3903,14.727,19.241,23.698,1.8926,43.649,14.012,142.07,37.819,55.503,123.47,0,0
694,783,0.8682,0.054551,230.83,291.04,3,3,0.015329,0.02167,0.0032345,0.0082563,0.075065,0.011463,0.022764,0.09263,0.042156,0.034057,0.052054,0.10462,0.0057222,0.078523,0.087605,0,0.15012,0.76556,0.10145,0.045576,0.02248,0.032745,0.012913,0.032035,0.049769,0.098596,0.075753,0.10288,0.10189,0.1249,0.29628,0,32.708,19.674,14.638,3.3838,7.5149,11.01,7.474,19.062,1.6933,50.205,30.251,25.518,40.731,42.956,123.47,0,0
468,185,0.51469,0.025098,248.93,235.67,10,29,0.01575,0.02167,0.012767,0.0089435,0.072228,0.0011361,0.027444,0.06345,0.055789,0.08154,0.019905,0.10479,0.042186,0.02611,0.087605,0,0.24943,0.76556,0.13241,0.015446,0.015048,0.03333,0.02752,0.0021218,0.079433,0.078345,0.044702,0.0026923,0.097674,0.1869,0.29628,0,36.562,19.674,30.923,10.295,6.4394,7.3291,14.333,7.532,6.7213,46.854,24.291,73.229,31.012,23.833,123.47,0,0
287,213,0.85608,0.018895,260.75,168.09,35,8,0.0040938,0.02167,0.026636,0.012182,0.057626,0.0090219,0.034047,0.015636,0.085339,0.088108,0.053467,0.082804,0.050046,0.0091674,0.087605,0,0.29651,0.76556,0.12775,0.04322,0.07731,0.0012277,0.0095241,0.029051,0.053848,0.097756,0.14272,0.080792,0.11057,0.14425,0.29628,0,35.325,19.674,24.722,14.449,15.047,21.766,9.2838,9.4892,2.7556,22.018,3.4006,6.1847,31.64,9.5232,123.47,0,0
487,74,0.15765,0.0054962,228.17,285.48,40,19,0.0081823,0.02167,0.021807,0.0016041,0.070104,0.015925,0.034497,0.049058,0.088658,0.091253,0.0021321,0.094543,0.056504,0.032739,0.087605,0,0.034854,0.76556,0.0011115,0.043135,0.072237,0.068299,0.073502,0.019302,0.033286,0.12912,0.028021,0.19381,0.00086813,0.15884,0.29628,0,13.452,19.674,10.131,13.953,7.8784,17.801,3.3328,1.3813,1.2094,40.679,13.589,16.21,32.857,1.057,123.47,0,0
544,155,0.47377,0.015172,190.97,231.12,21,34,0.01501,0.011316,0.015123,0.0045168,0.057687,0.010937,0.010845,0.034355,0.025047,0.12389,0.013049,0.096028,0.036616,0.049221,0.087605,0,0.38809,0.63362,0.26366,0.36432,0.10818,0.070268,0.11875,0.01704,0.058083,0.13078,0.077601,0.0028745,0.069268,0.11246,0.29628,0,51.649,186.66,39.403,67.568,31.481,39.992,17.381,3.496,13.963,43.066,15.845,51.161,17.801,2.9485,123.47,0,0
425,351,0.95526,0.017453,148.01,206.52,11,32,0.00072809,0.010609,0.025498,0.0032273,0.088331,0.025,0.0080519,0.022907,0.041873,0.040293,0.062285,0.0034669,0.077689,0.063114,0.022876,0,0.39184,0.42549,0.16019,0.082929,0.17161,0.057698,0.045861,0.0070985,0.043348,0.12132,0.06696,0.14641,0.036403,0.047714,0.055129,0,28.73,166.58,17.718,12.567,3.2238,23.094,1.7065,33.78,1.4681,19.003,10.89,21.774,16.883,12.599,29,0,0
118,505,0.0087956,0.035589,186.69,198.84,2,32,0.0026965,0.02167,0.036177,0.013835,0.069936,0.011195,0.024595,0.0041265,0.074345,0.099267,0.074954,0.041746,0.070058,0.10478,0.012487,0,0.083902,0.76556,0.017767,0.0012279,0.059326,0.0078614,0.047889,0.031752,0.070892,0.14158,0.0051483,0.14802,0.0089782,0.017002,0.079726,0,18.329,19.674,8.4768,4.3576,5.6014,12.395,0.58948,15.277,10.464,24.582,1.7507,18.122,8.7179,8.0007,29.142,0,0
565,228,0.09641,0.01148,107.31,239.07,0,27,0.0023827,0.019444,0.021436,0.011666,0.071513,0.016082,0.030679,0.049929,0.031384,0.058203,0.026851,0.041925,0.034247,0.015601,0.087605,0,0.35403,0.51874,0.06204,0.016872,0.082043,0.0083622,0.091788,0.03482,0.033632,0.090884,0.16201,0.036138,0.022032,0.13853,0.29628,0,28.42,183.5,15.519,1.4042,16.694,4.8497,8.8556,4.8275,2.5723,18.736,4.1531,12.986,37.258,18.502,123.47,0,0
240,251,0.53181,0.0081752,96.392,203.38,16,34,0.0075602,0.02167,0.020981,0.0092354,0.068922,0.013118,0.033466,0.039977,0.048515,0.040532,0.085253,0.019183,0.092813,0.015001,0.08064,0,0.24291,0.76556,0.015879,0.049356,0.097411,0.043834,0.0095872,0.00068464,0.078051,0.08282,0.041992,0.025538,0.024255,0.0089908,0.099081,0,14.992,19.674,11.416,10.346,12.726,18.374,15.88,25.337,6.5851,7.0194,9.4647,13.717,26.717,27.488,61.602,0,0
80,700,0.18136,0.0058155,224.93,155,6,28,0.0050533,0.02167,0.015482,0.040337,0.059006,0.0047846,0.033465,0.062694,0.040631,0.059485,0.072551,0.046193,0.090514,0.003306,0.087605,0,0.076202,0.76556,0.019439,0.0095443,0.10782,0.010596,0.0071822,0.010436,0.11574,0.10508,0.067615,0.067593,0.0054731,0.043615,0.29628,0,5.3958,19.674,5.0748,4.6723,16.889,18.318,18.932,15.076,14.545,17.142,4.7037,25.681,27.304,24.378,123.47,0,0
370,153,0.11299,0.01514,113.61,233.49,13,24,0.0026608,0.02167,0.013725,0.023195,0.065478,0.011855,0.070605,0.002526,0.00531,0.062056,0.048441,0.067307,0.080281,0.035134,0.087605,0,0.031325,0.76556,0.0050501,0.095191,0.12161,0.0024572,0.0074901,0.054612,0.10076,0.048039,0.057229,0.036508,0.023512,0.081341,0.29628,0,6.6274,19.674,4.3234,4.069,12.371,32.933,17.2,16.762,15.212,13.516,4.7961,36.088,38.198,1.3615,123.47,0,0
164,357,0.41215,0.040776,170.26,212.14,9,4,0.021809,0.02167,0.042306,0.0039643,0.081467,0.026144,0.014962,0.012117,0.10487,0.047945,0.10654,0.0012174,0.040062,0.10676,0.030705,0,0.30571,0.76556,0.024485,0.09737,0.13337,0.013339,0.082119,0.038138,0.13714,0.11155,0.06837,0.075081,0.020446,0.0081413,0.097719,0,14.954,19.674,5.9819,16.711,17.564,20.223,1.7951,9.2957,11.909,9.5756,9.2294,22.498,6.107,8.3664,18.807,0,0
337,0,0.0025681,0.019765,117.98,256.65,14,12,0.00011673,0.02167,0.016025,0.010253,0.066108,0.013991,0.029294,0.036655,0.04876,0.03825,0.05577,0.055895,0.068519,0.015442,0.081388,0,0.039811,0.76556,0.023127,0.11544,0.11971,0.012872,0.0058699,0.044927,0.12434,0.13271,0.063804,0.082499,0.029926,0.11338,0.062661,0,7.2128,19.674,7.4187,13.059,12.36,26.565,15.833,3.9108,19.158,31.307,2.4552,12.083,41.521,9.6523,26.07,0,0
452,159,0.40592,0.0042047,173.09,251.62,3,74,0.0035445,0.02167,0.023005,0.00075219,0.075525,0.002897,0.056019,0.029627,0.041918,0.068815,0.02051,0.066594,0.086765,0.023459,0.084122,0,0.025984,0.76556,0.030972,0.21859,0.1376,0.039058,0.014297,0.028866,0.13102,0.10836,0.097835,0.053776,0.0091793,0.091924,0.059518,0,17.607,19.674,4.2742,2.1779,11.652,7.8668,14.649,12.991,19.604,11.895,9.7829,0.595,39.009,4.8087,38.746,0,0
307,116,0.66781,0.0005479,177.2,334.39,5,34,0.0031389,0.02167,0.037152,0.0079414,0.087021,0.0094302,0.042426,0.0078092,0.15518,0.088506,0.013473,0.1049,0.072529,0.032755,0.087222,0,0.13185,0.76556,0.035482,0.20923,0.18355,0.0029092,0.053714,0.040788,0.034009,0.06542,0.033329,0.21262,0.03567,0.057182,0.01248,0,22.867,19.674,14.476,14.298,5.1206,16.794,11.187,2.4861,3.5736,19.219,15.753,142.07,26.8,12.64,4.8744,0,0
482,32,0.94899,0.019337,165.83,293.85,11,33,0.023283,0.02167,0.0079833,0.0012651,0.069343,0.0085434,0.056666,0.042109,0.07017,0.11962,0.026416,0.059506,0.031122,0.022532,0.086579,0,0.096879,0.76556,0.076342,0.044665,0.02014,0.082154,0.026323,1.8969e-05,0.051595,0.091187,0.078547,0.17261,0.053605,0.23309,0.086709,0,36.128,19.674,12.469,15.616,14.233,4.235,13.866,15.78,5.1878,16.11,4.5137,22.227,35.454,9.7572,73.634,0,0
315,512,0.072613,0.023434,302.75,260.87,4,82,0.0051357,0.02167,0.042122,0.014561,0.0669,0.019289,0.019198,0.0055488,0.16487,0.093124,0.034368,0.091171,0.10823,0.11329,0.047708,0.0034041,0.0022717,0.76556,0.017543,0.077363,0.052127,0.018176,0.12124,0.041893,0.082998,0.072338,0.01013,0.02513,0.021339,0.012506,0.053068,1.3896,10.659,19.674,2.6526,8.8569,2.7615,9.438,10.484,20.874,13.182,27.05,25.971,13.141,20.788,4.8348,35.66,34.298,0
619,438,0.58564,0.072826,287.15,67.656,70,32,0.016143,0.0010462,0.022496,0.0028635,0.0036171,0.040426,0.0099626,0.028086,0.0086369,0.023749,0.048612,0.088921,0.046786,0.071774,0.13337,0.012346,0.15541,1.0353,0.0066561,0.20707,0.11563,0.14659,0.089152,0.025598,0.0028826,0.057649,0.059725,0.074254,0.01842,0.28901,0.25379,0.23019,15.377,1.9869,2.9754,8.6525,28.132,10.085,19.897,4.4848,6.8681,24.849,42.322,79.166,34.836,7.3122,104.97,119.53,0
444,210,0.77177,0.090777,299.4,90.028,50,16,0.0043953,0.0010462,0.022374,0.0072794,0.002104,0.043015,0.0077096,0.097854,0.0095868,0.0174,0.044659,0.10111,0.030345,0.138,0.13337,0.012346,0.15282,1.0353,0.01574,0.16527,0.18938,0.12364,0.034249,0.030818,0.011673,0.10405,0.029834,0.054839,0.075357,0.25084,0.25379,0.23019,7.4794,1.9869,9.9098,13.624,32.649,5.031,18.405,33.444,1.4559,14.141,44.321,71.243,31.538,19.928,104.97,119.53,0
533,15,0.41278,0.043379,260.29,29.359,28,49,0.016893,0.0010462,0.0022995,0.013802,0.016957,0.023399,0.01499,0.046643,0.039323,0.033328,0.033046,0.10139,0.06643,0.08204,0.13337,0.012346,0.10757,1.0353,0.055228,0.28743,0.06878,0.11555,0.040757,0.0064107,0.081849,0.06639,0.008511,0.031888,0.072704,0.26405,0.25379,0.23019,1.1931,1.9869,15.142,2.6004,14.592,7.567,19.933,8.6905,14.712,8.9336,40.89,49.237,37.173,2.5905,104.97,119.53,0
821,833,1.038,0.12668,300.28,19.323,58,7,0.016842,0.0010462,0.024393,0.0095019,0.0022289,0.02692,0.01314,0.10644,0.033644,0.0023337,0.096374,0.11006,0.0021893,0.15816,0.13337,0.012346,0.17281,1.0353,0.10979,0.18205,0.15809,0.15825,0.014768,0.037198,0.12901,0.12824,0.029766,0.29737,0.10153,0.48056,0.25379,0.23019,34.998,1.9869,8.4559,6.3981,34.8,20.423,3.9274,19.741,2.3553,42.376,63.023,109.09,43.281,2.0788,104.97,119.53,0
795,890,1.3231,0.10699,248.4,13.046,29,3,0.023788,0.0010462,0.026842,0.012424,0.018449,0.026354,0.020058,0.090205,0.020174,0.0014723,0.0414,0.11006,0.015453,0.17461,0.13337,0.012346,0.17355,1.0353,0.0070546,0.14616,0.097729,0.16278,0.11205,0.095202,0.035433,0.069475,0.055594,0.29737,0.095946,0.15741,0.25379,0.23019,16.1,1.9869,2.7206,1.9781,27.131,7.1999,15.383,36.905,3.5637,29.714,39.245,109.09,37.501,44.391,104.97,119.53,0
696,594,0.93508,0.098807,405.51,15.934,50,10,0.01479,0.0010462,0.018606,0.0044983,0.017882,0.024935,0.017091,0.12007,0.00048717,0.0084022,0.067849,0.10978,0.012457,0.14376,0.13337,0.012346,0.17064,1.0353,0.086863,0.18531,0.14291,0.13336,0.051489,0.064249,0.072601,0.058521,0.036735,0.018126,0.061752,0.24244,0.25379,0.23019,32.257,1.9869,2.5768,10.799,42.036,10.917,3.6161,32.269,3.3644,36.27,55.484,58.501,40.412,31.844,104.97,119.53,0
470,4,0.58157,0.069354,423.61,71.302,57,36,0.015211,0.0010462,0.0090733,0.0051855,0.015044,0.037535,0.012411,0.090892,0.013146,0.039081,0.0357,0.10996,0.04892,0.091347,0.13337,0.012346,0.26995,1.0353,0.11783,0.24634,0.15034,0.13394,0.011056,0.030092,0.10227,0.078773,0.0056843,0.082057,0.057538,0.30444,0.25379,0.23019,36.112,1.9869,18.862,2.8798,40.96,14.598,18.191,20.739,5.0503,32.919,49.524,106.21,30.694,12.721,104.97,119.53,0
289,402,0.92296,0.063151,435.43,138.88,82,1,0.0046324,0.0010462,0.0047957,0.015941,0.00044307,0.027377,0.0058083,0.043078,0.042696,0.045649,0.037672,0.087972,0.05678,0.056069,0.13337,0.012346,0.31703,1.0353,0.11317,0.27411,0.2427,0.10184,0.0481,0.0031632,0.076681,0.059362,0.1037,0.0039575,0.070435,0.26178,0.25379,0.23019,34.874,1.9869,12.661,21.864,49.568,0.16099,5.4258,3.7176,1.0846,8.0827,21.832,39.167,31.322,1.5889,104.97,119.53,0
489,263,0.22453,0.03876,402.84,21.493,87,26,0.0076437,0.0010462,3.3223e-05,0.0021539,0.012921,0.020474,0.0053585,0.076501,0.046015,0.048794,0.017927,0.099711,0.063238,0.032498,0.13337,0.012346,0.014336,1.0353,0.015697,0.27402,0.093154,0.16891,0.034926,0.012912,0.010453,0.027995,0.010997,0.10906,0.041004,0.27638,0.25379,0.23019,13.002,1.9869,1.93,6.5379,42.399,39.728,7.1907,11.825,2.8805,26.744,38.822,16.772,32.538,12.169,104.97,119.53,0
546,34,0.54065,0.059429,365.64,75.855,68,41,0.014471,0.0093075,0.0067179,0.0082748,0.00050326,0.025461,0.029011,0.061798,0.017596,0.081431,0.028844,0.1012,0.043351,0.016016,0.13337,0.012346,0.4086,0.90336,0.24907,0.59521,0.27357,0.17088,0.080171,0.049254,0.080915,0.026336,0.038583,0.087624,0.029132,0.23,0.25379,0.23019,51.198,204.35,27.342,60.154,66.002,61.919,21.239,16.703,12.292,29.131,41.078,84.143,17.483,8.1636,104.97,119.53,0
427,162,1.0221,0.026803,322.68,100.46,36,39,0.00018949,0.010015,0.0036579,0.0069853,0.031148,0.011398,0.031803,0.0045354,0.00076974,0.0021664,0.04649,0.001701,0.084424,0.0021224,0.068642,0.012346,0.41235,0.69523,0.14561,0.14796,0.0062233,0.042913,0.0072857,0.039312,0.020516,0.0358,0.027942,0.061659,0.0037327,0.16525,0.012649,0.23019,28.279,184.26,5.6562,19.982,31.297,1.1676,2.1515,20.573,3.1391,5.0683,14.343,11.208,16.564,1.4868,47.503,119.53,0
120,694,0.058089,0.0086674,361.36,108.13,49,39,0.0032351,0.0010462,0.014337,0.010077,0.012753,0.025203,0.01526,0.023316,0.031702,0.056808,0.05916,0.046914,0.076793,0.039546,0.058253,0.012346,0.10442,1.0353,0.0031815,0.23212,0.10606,0.10847,0.0093131,0.00046183,0.04806,0.015535,0.03387,0.063275,0.049114,0.10054,0.037246,0.23019,17.879,1.9869,3.5845,3.0573,28.919,9.5321,3.2685,2.0705,12.135,10.646,26.984,14.86,8.3994,3.1114,47.645,119.53,0
567,39,0.16329,0.032776,281.98,67.905,47,34,0.0029213,0.0011801,0.00040491,0.015424,0.014329,0.020317,0.0091763,0.077372,0.011259,0.015744,0.011056,0.047093,0.040982,0.080838,0.13337,0.012346,0.37455,0.78848,0.047454,0.24776,0.083347,0.092249,0.053212,0.002606,0.0108,0.066233,0.12299,0.12089,0.018103,0.25607,0.25379,0.23019,27.97,201.19,3.458,6.0106,51.215,17.077,12.714,8.3793,4.2433,4.8005,21.08,45.968,36.94,7.3903,104.97,119.53,0
242,440,0.59869,0.036081,271.07,103.6,31,41,0.0080988,0.0010462,0.0008594,0.0054773,0.011738,0.02328,0.006389,0.067419,0.0058719,0.001927,0.069458,0.024351,0.099547,0.080238,0.12641,0.012346,0.26343,1.0353,0.0012929,0.18153,0.067979,0.14445,0.048163,0.032899,0.055219,0.074297,0.0029739,0.059211,0.06439,0.12653,0.056601,0.23019,14.541,1.9869,0.64547,17.76,21.794,3.5529,12.022,38.544,8.2561,6.9157,15.768,19.265,26.399,16.376,80.105,119.53,0
82,889,0.24824,0.038441,399.6,151.98,53,35,0.0055919,0.0010462,0.0063582,0.036579,0.0018227,0.031614,0.0063898,0.090137,0.0020118,0.017026,0.056756,0.051361,0.097249,0.068543,0.13337,0.012346,0.09672,1.0353,0.034025,0.24043,0.05757,0.11121,0.031394,0.021778,0.092911,0.052035,0.028597,0.15234,0.045609,0.16115,0.25379,0.23019,4.9453,1.9869,17.136,12.087,17.632,3.609,15.074,28.283,16.216,3.2065,29.937,58.663,26.985,13.266,104.97,119.53,0
372,342,0.04611,0.029116,288.28,73.482,34,31,0.0021222,0.0010462,0.0081154,0.019437,0.008295,0.024544,0.03075,0.029968,0.037333,0.019597,0.032646,0.072475,0.087015,0.030103,0.13337,0.012346,0.010807,1.0353,0.019636,0.1357,0.043776,0.098154,0.031086,0.022398,0.077924,0.10908,0.018211,0.12126,0.016624,0.19888,0.25379,0.23019,6.1769,1.9869,16.385,11.484,22.15,11.007,13.342,3.555,16.884,0.41915,30.029,69.07,37.88,9.7506,104.97,119.53,0
166,546,0.47904,0.0034801,344.93,94.829,38,11,0.022348,0.0010462,0.020466,0.00020625,0.024284,0.010255,0.024893,0.015326,0.062229,0.005486,0.090747,0.0039505,0.046796,0.04152,0.015061,0.012346,0.32623,1.0353,0.0098995,0.13352,0.032021,0.087272,0.043544,0.005924,0.11431,0.045566,0.029352,0.0096681,0.01969,0.12568,0.055238,0.23019,14.503,1.9869,6.0793,24.126,16.957,1.7033,5.6531,3.9112,13.58,4.3595,16.004,10.484,5.7885,2.7458,37.311,119.53,0
339,189,0.069452,0.024491,292.66,50.321,61,19,0.00042187,0.0010462,0.0058151,0.0064952,0.0089241,0.022408,0.010561,0.064098,0.0061171,0.0042096,0.039975,0.061063,0.075254,0.080678,0.12715,0.012346,0.060329,1.0353,0.037713,0.11545,0.045682,0.11348,0.032706,0.012713,0.10151,0.024412,0.024786,0.0022501,0.070061,0.23092,0.02018,0.23019,6.7623,1.9869,19.48,20.474,22.161,4.6387,11.975,17.118,20.829,17.371,27.688,20.899,41.202,1.4598,44.573,119.53,0
454,348,0.4728,0.048461,347.76,55.351,50,81,0.0030059,0.0010462,0.0011645,0.0030059,0.018342,0.033501,0.016164,0.057069,0.0007249,0.026356,0.0047156,0.071762,0.0935,0.041778,0.12989,0.012346,0.046502,1.0353,0.016387,0.44948,0.027792,0.13967,0.052873,0.0033485,0.10819,0.048761,0.058817,0.030973,0.049315,0.20946,0.017037,0.23019,17.156,1.9869,7.7871,9.5928,22.869,14.06,10.791,0.21554,21.275,2.0403,35.016,32.387,38.691,6.3034,57.249,119.53,0
309,305,0.7347,0.044804,351.87,27.419,52,41,0.0036775,0.0010462,0.015312,0.011699,0.029838,0.026968,0.0025707,0.035252,0.11253,0.046047,0.029268,0.11006,0.079263,0.032482,0.13299,0.012346,0.15237,1.0353,0.020896,0.44012,0.018161,0.10352,0.015138,0.0085745,0.011177,0.091697,0.0056889,0.29737,0.0044661,0.17472,0.05496,0.23019,22.416,1.9869,2.4151,6.8834,39.641,5.1325,15.045,10.721,5.2446,5.2839,40.986,109.09,26.481,1.5276,23.378,119.53,0
484,221,1.0159,0.063593,340.5,13.125,58,40,0.022744,0.0010462,0.013857,0.0024929,0.012159,0.027855,0.016811,0.069551,0.027527,0.077161,0.010621,0.064674,0.037857,0.087768,0.13235,0.012346,0.076362,1.0353,0.061757,0.18622,0.14525,0.18277,0.064899,0.032233,0.028762,0.06593,0.039529,0.087865,0.013469,0.35063,0.044228,0.23019,35.677,1.9869,0.40812,23.031,48.754,26.162,10.008,28.987,6.8588,2.1744,29.747,10.755,35.136,20.869,92.137,119.53,0
317,701,0.1395,0.020823,477.42,46.106,51,89,0.0056743,0.0010462,0.020282,0.010803,0.0097164,0.01711,0.020657,0.032991,0.12222,0.050665,0.050163,0.096339,0.11496,0.048049,0.093474,0.0089415,0.022789,1.0353,0.032129,0.30825,0.11326,0.082436,0.082669,0.0096792,0.060166,0.084779,0.028888,0.059619,0.018797,0.13004,0.010588,1.1594,10.208,1.9869,14.714,1.4421,37.282,12.489,14.342,7.667,14.853,13.115,51.204,46.123,20.469,6.2773,54.163,85.231,0
583,1610,0.24535,0.017096,427.14,152.15,124,58,0.0023577,0.026975,0.024977,0.0073675,0.026992,0.034688,0.072361,0.0089312,0.095955,0.032627,0.022642,0.037815,0.059742,0.088129,0.027672,0,0.06289,0.79817,0.064545,0.0199,0.070471,0.15121,0.30192,0.1,0.049801,0.095759,0.033897,0.0074952,0.054406,0.28233,0.16958,0,12.673,39.956,7.2313,52.258,30.488,3.8912,18.92,66.846,8.4884,23.878,22.572,66.979,26.407,61.379,134.64,0,0
758,1838,0.059218,0.035047,439.4,174.52,104,42,0.0093897,0.026975,0.025099,0.011783,0.032713,0.037277,0.074614,0.060837,0.11418,0.038976,0.026594,0.05,0.043302,0.021908,0.027672,0,0.065475,0.79817,0.073628,0.061708,0.14422,0.12826,0.24702,0.094785,0.064356,0.14216,0.063788,0.02691,0.11134,0.24415,0.16958,0,4.7758,39.956,0.2969,57.23,35.006,8.9452,17.427,28.917,3.0762,34.586,24.571,59.056,23.109,34.138,134.64,0,0
669,2033,0.41821,0.012351,400.28,55.134,82,75,0.0031081,0.026975,0.049772,0.018306,0.013653,0.017661,0.097313,0.0096256,0.14391,0.089704,0.038207,0.050282,0.079386,0.077863,0.027672,0,0.32587,0.79817,0.11312,0.060451,0.023625,0.12017,0.25353,0.13201,0.029166,0.1045,0.10213,0.049862,0.036717,0.25737,0.16958,0,1.5106,39.956,4.935,46.206,16.949,21.543,18.955,53.67,16.333,39.793,21.14,37.05,28.743,51.476,134.64,0,0
381,1215,0.207,0.070945,440.28,103.82,112,33,0.0030572,0.026975,0.02308,0.014006,0.02838,0.021182,0.069184,0.069418,0.070948,0.05871,0.02512,0.058959,0.015146,0.0017466,0.027672,0,0.04549,0.79817,0.0519,0.044925,0.11294,0.16287,0.22754,0.088405,0.18169,0.16635,0.063857,0.21562,0.13752,0.47387,0.16958,0,32.294,39.956,18.663,37.208,37.157,6.4463,2.9496,42.62,0.73497,6.3508,43.273,121.27,34.852,56.145,134.64,0,0
407,1158,0.49207,0.051256,388.4,71.448,83,29,0.010003,0.026975,0.020631,0.016928,0.01216,0.020616,0.062265,0.053188,0.084418,0.054904,0.029853,0.058959,0.02841,0.014706,0.027672,0,0.04474,0.79817,0.064943,0.080817,0.052573,0.16739,0.32482,0.030401,0.088116,0.10759,0.038028,0.21562,0.13193,0.15072,0.16958,0,13.397,39.956,12.927,41.628,29.487,6.7763,14.405,25.456,5.184,19.013,19.495,121.27,29.072,9.6756,134.64,0,0
506,1454,0.1041,0.043077,545.5,100.43,104,36,0.0010051,0.026975,0.028867,0.0090022,0.012727,0.019198,0.065233,0.083055,0.1041,0.047974,0.0034043,0.058677,0.025413,0.016144,0.027672,0,0.047658,0.79817,0.028975,0.041662,0.097754,0.13797,0.26426,0.061353,0.12528,0.096631,0.056887,0.099876,0.097738,0.23575,0.16958,0,29.554,39.956,12.784,54.405,44.393,3.0594,2.6383,30.092,4.9846,12.457,35.734,46.314,31.983,22.223,134.64,0,0
732,2052,0.24941,0.013624,563.61,155.8,111,62,0.0014264,0.026975,0.0384,0.0096895,0.015565,0.031797,0.069912,0.053875,0.11774,0.095457,0.035554,0.058853,0.061876,0.068556,0.027672,0,0.05165,0.79817,0.059938,0.019361,0.10519,0.13856,0.22383,0.09551,0.15495,0.11688,0.087938,0.0003076,0.093524,0.29776,0.16958,0,33.408,39.956,29.069,40.726,43.317,0.62138,19.169,41.622,3.43,15.808,29.774,94.024,22.265,41.346,134.64,0,0
913,2450,0.091976,0.0074212,575.43,223.38,136,25,0.018417,0.026975,0.052269,0.011437,0.030166,0.021639,0.076515,0.0060606,0.14729,0.10203,0.10893,0.036866,0.069737,0.10383,0.027672,0,0.098734,0.79817,0.05528,0.047134,0.19754,0.10646,0.26087,0.12244,0.12936,0.097472,0.01008,0.077792,0.10642,0.2551,0.16958,0,32.171,39.956,22.867,65.47,51.925,13.815,4.4481,58.643,0.53569,40.644,2.0826,26.98,22.893,55.656,134.64,0,0
713,2311,0.60645,0.01697,542.84,105.99,141,52,0.0061412,0.026975,0.04744,0.0023501,0.017689,0.014736,0.076965,0.039483,0.15061,0.10517,0.053326,0.048605,0.076195,0.12741,0.027672,0,0.23263,0.79817,0.073586,0.04705,0.047998,0.17353,0.17785,0.11269,0.04223,0.066105,0.10462,0.19081,0.0050176,0.26969,0.16958,0,10.298,39.956,8.2768,37.068,44.756,25.752,8.1685,50.535,4.5008,21.983,19.072,4.5856,24.109,66.236,134.64,0,0
656,2082,0.29034,0.0036985,505.64,160.35,122,67,0.00068643,0.016622,0.040755,0.0037708,0.030106,0.019723,0.053313,0.02478,0.086995,0.13781,0.04241,0.05009,0.056307,0.14389,0.027672,0,0.19031,0.66623,0.19118,0.36823,0.22842,0.1755,0.1326,0.076348,0.1336,0.064446,0.055039,0.0058744,0.065119,0.22332,0.16958,0,48.495,166.38,37.548,16.548,68.358,47.943,22.217,45.658,10.672,19.597,21.328,71.956,9.0536,62.23,134.64,0,0
775,1886,0.19116,0.028927,462.68,184.95,90,65,0.013595,0.015914,0.051131,0.0024813,0.00053864,0.0056605,0.05052,0.032482,0.10382,0.05421,0.11774,0.049405,0.09738,0.15778,0.037056,0,0.19406,0.4581,0.087718,0.079014,0.051379,0.047529,0.20549,0.08629,0.032167,0.07391,0.06568,0.14341,0.032254,0.15857,0.071569,0,25.576,146.29,15.863,63.588,33.654,15.144,3.1292,82.934,4.7594,43.659,5.4068,0.97877,8.135,52.58,17.832,0,0
1082,2742,0.7729,0.047063,501.36,192.62,103,65,0.01702,0.026975,0.06181,0.014581,0.017856,0.019466,0.067063,0.013702,0.13629,0.11318,0.13041,0.0041918,0.089749,0.19945,0.047445,0,0.11388,0.79817,0.054707,0.0051425,0.060909,0.11309,0.20346,0.12514,0.0046233,0.053645,0.12749,0.14502,0.013128,0.093851,0.046972,0,15.175,39.956,6.6223,46.663,31.276,4.4441,4.2462,64.431,13.755,38.081,7.2338,2.6732,0.029692,57.178,17.974,0,0
635,2009,0.66769,0.022954,421.98,152.4,101,60,0.016706,0.024749,0.047068,0.01092,0.01628,0.014579,0.073147,0.040354,0.093332,0.07212,0.08231,0.0040127,0.053938,0.079065,0.027672,0,0.15626,0.55135,0.010435,0.020786,0.038191,0.096865,0.15956,0.12821,0.041883,0.10434,0.029365,0.039138,0.017883,0.24938,0.16958,0,25.266,163.22,13.665,49.617,53.572,3.1008,13.691,53.982,5.8636,43.927,1.33,33.782,28.511,46.676,134.64,0,0
960,2488,0.2323,0.019649,411.06,188.09,85,67,0.021884,0.026975,0.046614,0.0099813,0.018871,0.017542,0.075934,0.030402,0.11046,0.054449,0.14071,0.026755,0.1125,0.079665,0.020707,0,0.045131,0.79817,0.056596,0.045441,0.022824,0.14906,0.26093,0.092704,0.0025355,0.11241,0.090648,0.022538,0.028404,0.11984,0.027617,0,11.838,39.956,9.5613,61.366,24.151,10.423,11.045,23.817,9.8764,55.643,3.9816,7.0788,17.97,37.69,50.434,0,0
1120,2937,0.58275,0.017289,539.6,236.47,107,61,0.019377,0.026975,0.041115,0.041083,0.028787,0.025876,0.075934,0.053119,0.10258,0.073402,0.12801,0.00025501,0.1102,0.091361,0.027672,0,0.12158,0.79817,0.091913,0.013459,0.012415,0.11582,0.24417,0.10382,0.040228,0.090145,0.065026,0.070593,0.0096226,0.15447,0.16958,0,2.2416,39.956,6.9293,55.693,19.989,10.367,14.096,34.078,17.836,45.521,10.187,46.476,18.556,40.801,134.64,0,0
830,2390,0.8771,0.026614,428.28,157.98,88,57,0.011663,0.026975,0.039358,0.023941,0.022314,0.018806,0.11307,0.007049,0.067258,0.075973,0.1039,0.021369,0.099972,0.1298,0.027672,0,0.2291,0.79817,0.077524,0.091276,0.00138,0.10277,0.24386,0.148,0.025241,0.14719,0.075411,0.039508,0.019362,0.19219,0.16958,0,3.4732,39.956,6.178,55.09,24.507,24.983,12.364,65.916,18.504,49.146,10.279,56.884,29.451,63.817,134.64,0,0
1036,2594,0.35195,0.05225,484.93,179.32,92,37,0.036133,0.026975,0.067939,0.0047102,0.0063254,0.0045167,0.05743,0.021692,0.16682,0.061862,0.162,0.047156,0.059753,0.20142,0.090638,0,0.10793,0.79817,0.047989,0.093456,0.013135,0.091888,0.16923,0.13153,0.061624,0.083676,0.06427,0.072081,0.016296,0.11899,0.028979,0,11.799,39.956,4.1274,67.732,19.314,12.273,6.6308,58.45,15.2,53.087,3.7463,1.7028,2.6406,56.812,7.6397,0,0
863,2237,0.76153,0.031239,432.66,134.82,115,45,0.014207,0.026975,0.041658,0.010999,0.021685,0.01667,0.071763,0.02708,0.11071,0.052166,0.11123,0.0099573,0.08821,0.079225,0.021455,0,0.15797,0.79817,0.095601,0.11152,0.00052591,0.1181,0.24548,0.13831,0.048828,0.062522,0.068836,0.079499,0.034075,0.22423,0.064037,0,4.0587,39.956,9.2732,64.08,24.518,18.615,10.997,45.243,22.45,31.356,7.9384,8.7126,32.773,55.526,14.903,0,0
748,2396,0.35819,0.007269,487.76,139.84,104,107,0.010779,0.026975,0.048638,0.0014981,0.012267,0.027764,0.098488,0.020052,0.10387,0.082732,0.075969,0.020656,0.10646,0.11813,0.024189,0,0.17179,0.79817,0.041502,0.22251,0.017364,0.14429,0.26564,0.12225,0.055505,0.086871,0.034805,0.050776,0.013329,0.20278,0.06718,0,14.452,39.956,2.4197,53.199,25.225,0.083716,9.8134,62.145,22.895,50.767,15.266,20.201,30.261,60.37,27.578,0,0
893,2353,0.096289,0.010926,491.87,57.075,106,67,0.017462,0.026975,0.062785,0.0071954,0.00077121,0.02123,0.084894,0.0017659,0.21713,0.10242,0.041985,0.058959,0.09222,0.12742,0.027289,0,0.065926,0.79817,0.036993,0.21315,0.063317,0.10814,0.19763,0.13418,0.041506,0.12981,0.099311,0.21562,0.03152,0.16803,0.13918,0,19.713,39.956,12.622,36.723,41.998,8.8437,16.023,51.64,6.8649,43.443,21.236,121.27,18.052,52.539,6.2932,0,0
718,2269,0.18489,0.007863,480.5,97.619,112,66,0.0089594,0.026975,0.033616,0.0020111,0.01845,0.022117,0.099134,0.032534,0.13212,0.13354,0.081874,0.013568,0.050813,0.072135,0.026647,0,0.29466,0.79817,0.0038681,0.040751,0.10009,0.18738,0.27767,0.093369,0.023921,0.10404,0.054093,0.16961,0.049455,0.34394,0.039989,0,32.973,39.956,10.615,66.637,51.111,12.186,9.0304,33.374,8.4791,46.553,9.9968,1.4312,26.707,74.936,62.466,0,0
885,2749,0.69149,0.034908,617.42,130.6,105,115,0.019459,0.026975,0.067755,0.015307,0.020893,0.011372,0.061667,0.0040263,0.22682,0.10704,0.02109,0.045233,0.12792,0.20795,0.012224,0.0034041,0.19551,0.79817,0.090017,0.081278,0.068108,0.087052,0.1301,0.13528,0.0074827,0.12289,0.12251,0.02213,0.01719,0.12336,0.07363,1.3896,7.5047,39.956,4.5071,42.164,39.639,1.4875,15.32,70.028,16.474,35.612,31.455,33.936,12.04,60.344,24.493,34.298,0
312,1137,0.7844,0.034136,425.17,158.36,171,51,0.012178,0.039039,0.027216,0.017159,0.0091974,0.03751,0.022928,0.027422,0.050112,0.061462,0.010403,0.010388,0.051648,0.080885,0.011846,0,0.018408,0.37104,0.082314,0.25168,0.062235,0.15956,0.22007,0.020927,0.052509,0.10448,0.0051502,0.33342,0.069075,0.25375,0.16873,0,14.236,55.962,29.462,34.248,15.424,40.398,19.325,54.302,11.001,13.66,15.539,87.938,1.7128,50.718,198.85,0,0
487,1365,0.97053,0.052087,437.43,180.73,151,35,0.00043019,0.039039,0.027339,0.021575,0.014918,0.040099,0.025181,0.042346,0.068336,0.067812,0.014355,0.022573,0.035207,0.014664,0.011846,0,0.015823,0.37104,0.07323,0.29349,0.13598,0.13661,0.16517,0.026146,0.037953,0.15088,0.024741,0.314,0.12601,0.21557,0.16873,0,6.3387,55.962,22.528,39.219,19.942,35.344,17.833,16.374,5.5883,24.367,17.538,80.014,5.0105,23.477,198.85,0,0
398,1560,0.61154,0.0046886,398.31,61.34,129,68,0.012928,0.039039,0.052012,0.028097,0.0041423,0.020483,0.047881,0.0088651,0.098072,0.11854,0.025968,0.022854,0.071292,0.070619,0.011846,0,0.24457,0.37104,0.033741,0.17133,0.015388,0.12852,0.17167,0.011083,0.13148,0.11322,0.063086,0.29105,0.022049,0.22878,0.16873,0,0.052425,55.962,17.296,28.196,1.885,22.746,19.361,41.127,18.845,29.575,14.107,58.008,0.62381,40.815,198.85,0,0
110,742,1.2367,0.087985,438.31,110.02,159,26,0.012877,0.039039,0.025319,0.023797,0.010586,0.024004,0.019751,0.050928,0.025106,0.087545,0.037359,0.031532,0.0070513,0.0054974,0.011846,0,0.035808,0.37104,0.19876,0.27671,0.1047,0.17122,0.14568,0.032526,0.079379,0.17507,0.024809,0.55654,0.15219,0.44529,0.16873,0,33.857,55.962,40.893,19.198,22.093,50.736,3.3552,30.077,1.7771,3.8678,36.24,100.32,6.7321,45.484,198.85,0,0
136,685,1.5218,0.068296,386.42,77.654,130,22,0.019823,0.039039,0.02287,0.02672,0.0056349,0.023438,0.012833,0.034697,0.038575,0.083739,0.017614,0.031532,0.020315,0.02195,0.011846,0,0.036557,0.37104,0.081915,0.3126,0.044337,0.17574,0.24297,0.09053,0.014193,0.11631,0.0010197,0.55654,0.1466,0.12214,0.16873,0,14.96,55.962,35.158,23.618,14.423,37.513,14.811,12.913,7.6961,8.7948,12.462,100.32,0.952,0.98544,198.85,0,0
235,981,1.1338,0.060117,543.53,106.63,151,29,0.010825,0.039039,0.031106,0.018794,0.0050676,0.022019,0.0158,0.064564,0.058262,0.07681,0.0088346,0.03125,0.017319,0.0088996,0.011846,0,0.033639,0.37104,0.17583,0.27345,0.089518,0.14632,0.18241,0.059577,0.022975,0.10535,0.01784,0.24104,0.11241,0.20717,0.16873,0,31.117,55.962,35.014,36.394,29.329,41.23,3.0439,17.549,7.4967,2.2383,28.701,67.272,3.8636,11.562,198.85,0,0
461,1579,0.78033,0.030664,561.63,162,158,55,0.011246,0.039039,0.040639,0.019481,0.0022298,0.034619,0.02048,0.035384,0.071895,0.12429,0.023315,0.031426,0.053782,0.061312,0.011846,0,0.13295,0.37104,0.2068,0.21242,0.096951,0.14691,0.14197,0.02542,0.05264,0.1256,0.04889,0.34122,0.10819,0.26917,0.16873,0,34.971,55.962,51.3,22.716,28.253,44.911,18.763,29.079,0.91791,5.5898,22.742,114.98,5.855,30.685,198.85,0,0
642,1977,1.1217,0.024461,573.46,229.58,183,18,0.0085975,0.039039,0.054508,0.0016451,0.012371,0.024461,0.027083,0.01243,0.10145,0.13086,0.096686,0.0094385,0.061642,0.09659,0.011846,0,0.18003,0.37104,0.20214,0.18465,0.18931,0.11481,0.17902,0.0015087,0.027054,0.10619,0.049128,0.26312,0.12109,0.22651,0.16873,0,33.734,55.962,45.098,47.46,36.861,30.474,4.8537,46.1,3.0478,30.426,4.9501,47.938,5.2268,44.995,198.85,0,0
442,1838,0.42329,7.0102e-05,540.87,112.19,188,45,0.0036786,0.039039,0.049679,0.012141,0.00010625,0.017558,0.027533,0.020992,0.10476,0.13401,0.041087,0.021178,0.0681,0.12016,0.011846,0,0.15133,0.37104,0.073273,0.18473,0.039762,0.18188,0.09599,0.0082397,0.060079,0.074827,0.065572,0.1501,0.0096509,0.24111,0.16873,0,11.861,55.962,30.508,19.058,29.692,70.041,7.7629,37.992,7.0128,11.765,12.04,25.544,4.0104,55.575,198.85,0,0
385,1609,0.73941,0.020739,503.67,166.55,169,60,0.010506,0.028685,0.042995,0.0060206,0.012311,0.022545,0.0038805,0.0062895,0.041153,0.16664,0.030171,0.022662,0.048213,0.13664,0.011846,0,0.27161,0.2391,0.33804,0.13645,0.22018,0.18385,0.050746,0.044582,0.031289,0.073167,0.015992,0.34679,0.079787,0.19473,0.16873,0,50.058,150.37,59.779,34.558,53.295,92.232,21.811,33.115,8.1597,9.378,14.296,92.914,19.066,51.569,198.85,0,0
504,1413,1.2209,0.011887,460.71,191.15,137,58,0.0037756,0.027978,0.05337,0.0073101,0.018333,0.0084825,0.0010877,0.050973,0.057979,0.083045,0.1055,0.076832,0.089286,0.15054,0.052882,0,0.27536,0.03097,0.23458,0.3108,0.059615,0.055879,0.12363,0.034641,0.070142,0.082631,0.026633,0.19751,0.046922,0.12998,0.072419,0,27.139,130.29,38.094,45.577,18.59,29.146,2.7236,70.39,7.2715,33.44,12.44,19.979,19.985,41.919,46.373,0,0
811,2269,0.25685,0.030023,499.39,198.83,150,58,0.0072002,0.039039,0.064049,0.024372,6.1423e-05,0.022288,0.017631,0.032192,0.090451,0.14202,0.11817,0.031619,0.081655,0.19221,0.063271,0,0.032578,0.37104,0.092151,0.22664,0.052673,0.12144,0.1216,0.0042101,0.097686,0.062366,0.088444,0.19589,0.0015409,0.065268,0.047822,0,16.738,55.962,28.853,28.653,16.212,39.845,3.8407,51.888,16.267,27.862,0.20112,23.631,28.149,46.517,46.231,0,0
364,1536,0.36205,0.0059136,420.01,158.6,148,53,0.0068864,0.036813,0.049308,0.0011286,0.0015148,0.017401,0.023715,0.021863,0.04749,0.10096,0.070071,0.03144,0.045844,0.071821,0.011846,0,0.23755,0.12422,0.13642,0.211,0.029955,0.10522,0.077705,0.0072779,0.060426,0.11306,0.068412,0.38005,0.032552,0.2208,0.16873,0,26.829,147.21,35.896,31.606,38.508,47.39,13.286,41.438,8.3757,33.708,5.7027,54.74,0.39114,36.015,198.85,0,0
689,2015,0.79745,0.0026089,409.09,194.29,132,60,0.012064,0.039039,0.048853,0.019773,0.0010763,0.020364,0.026502,0.011911,0.064621,0.083285,0.12847,0.054183,0.10441,0.072421,0.0048812,0,0.12643,0.37104,0.090263,0.27722,0.014588,0.15741,0.17908,0.028227,0.10484,0.12113,0.051601,0.31838,0.013735,0.091261,0.028467,0,13.401,55.962,31.792,43.356,9.0873,33.866,11.45,11.274,12.389,45.424,11.014,28.037,10.15,27.029,13.771,0,0
849,2464,0.447,0.00024921,537.63,242.68,154,54,0.0095569,0.039039,0.043354,0.050875,0.010992,0.028698,0.026501,0.034629,0.056737,0.10224,0.11577,0.027172,0.10211,0.084117,0.011846,0,0.040278,0.37104,0.054945,0.21832,0.0041785,0.12417,0.16231,0.017106,0.14254,0.098866,0.025978,0.41151,0.005046,0.12588,0.16873,0,3.8046,55.962,15.302,37.683,4.9251,33.922,14.502,21.535,20.348,35.302,3.1541,67.434,9.5634,30.14,198.85,0,0
559,1917,0.15265,0.009574,426.31,164.18,135,50,0.0018429,0.039039,0.041597,0.033732,0.0045194,0.021628,0.063641,0.02554,0.021416,0.10481,0.09166,0.0060583,0.091877,0.12256,0.011846,0,0.1478,0.37104,0.069334,0.32306,0.0096162,0.11112,0.162,0.02707,0.12755,0.15591,0.036363,0.38042,0.034031,0.16361,0.16873,0,5.0362,55.962,16.053,37.079,9.443,19.306,12.77,53.373,21.016,38.928,3.2465,77.842,1.3311,53.156,198.85,0,0
765,2121,0.6778,0.03521,482.96,185.53,139,30,0.026313,0.039039,0.070178,0.014502,0.011469,0.0073387,0.0079981,0.040182,0.12098,0.090698,0.14976,0.074583,0.051658,0.19418,0.10646,0,0.18923,0.37104,0.098869,0.32524,0.021371,0.10024,0.087373,0.010596,0.16393,0.092398,0.025223,0.26883,0.030965,0.090411,0.029829,0,13.362,55.962,26.358,49.721,4.2497,32.016,6.2252,45.907,17.712,42.868,10.779,19.255,30.76,46.151,56.565,0,0
592,1764,0.26821,0.014199,430.69,141.02,162,38,0.004387,0.039039,0.043897,0.020791,0.0038903,0.019492,0.02233,0.0085895,0.064866,0.081002,0.09899,0.01747,0.080116,0.071981,0.0056295,0,0.076669,0.37104,0.051257,0.34331,0.0077103,0.12645,0.16362,0.017384,0.15114,0.071244,0.029788,0.26141,0.019406,0.19565,0.064887,0,5.6216,55.962,12.958,46.07,9.4539,25.674,11.402,32.7,24.962,21.137,0.90568,29.671,4.6534,44.865,49.303,0,0
477,1923,0.67156,0.009771,485.79,146.05,151,100,0.00095923,0.039039,0.050877,0.01129,0.0055274,0.030586,0.049055,0.0015607,0.058024,0.11157,0.06373,0.006771,0.098362,0.11088,0.0083634,0,0.090496,0.37104,0.10536,0.0092772,0.0256,0.15264,0.18379,0.0013235,0.15781,0.095592,0.0042421,0.29014,0.0013398,0.17419,0.06803,0,16.015,55.962,24.651,35.188,10.162,44.373,10.219,49.602,25.407,40.549,8.2333,41.159,2.1418,49.709,36.627,0,0
622,1880,0.93346,0.0061142,489.9,63.281,153,60,0.0076426,0.039039,0.065024,0.002596,0.017024,0.024052,0.035462,0.020257,0.17128,0.13126,0.029746,0.031532,0.084125,0.12018,0.011463,0,0.015371,0.37104,0.10987,0.018638,0.071553,0.11649,0.11578,0.013246,0.060803,0.13853,0.060264,0.55654,0.046189,0.13945,0.14003,0,21.276,55.962,34.853,18.712,26.934,35.446,15.617,39.097,9.377,33.225,14.203,100.32,10.068,41.878,70.498,0,0
447,1796,1.2146,0.024903,478.53,103.83,159,59,0.018779,0.039039,0.035855,0.011803,0.00065517,0.024939,0.049702,0.014043,0.086276,0.16237,0.069635,0.01386,0.042719,0.064891,0.010821,0,0.21336,0.37104,0.15073,0.27253,0.091858,0.19573,0.19582,0.027561,0.078388,0.11276,0.015046,0.1713,0.064124,0.31536,0.040839,0,34.536,55.962,32.846,48.626,36.047,56.475,9.436,20.831,10.991,36.334,2.9641,19.527,1.4129,64.275,1.739,0,0
614,2276,0.33825,0.017867,615.45,136.81,152,108,0.0096394,0.039039,0.069994,0.025098,0.003098,0.014194,0.012234,0.022517,0.18097,0.13588,0.0088514,0.017806,0.11983,0.20071,0.02805,0.0034041,0.11421,0.37104,0.056841,0.15051,0.059872,0.095402,0.048248,0.014351,0.10979,0.13161,0.083463,0.31878,0.031858,0.094776,0.07448,1.3896,9.0677,55.962,17.724,24.154,24.575,42.802,14.914,57.485,18.986,25.394,24.422,54.894,16.08,49.683,39.713,34.298,0
153,263,0.43705,0.020829,132.05,192.3,73,42,0.002762,0.0054569,0.043819,0.035088,0.0038135,0.046225,0.015386,0.025125,0.00050361,0.00094189,0.085543,0.021143,0.016753,0.0047643,0,0,0.21675,0.30435,0.0019912,0.23067,0.013924,0.19272,0.15628,0.054032,0.073089,0.063171,0.15861,0.22312,0.013736,0.088855,0,0,49.23,55.573,13.567,54.638,18.474,152.52,29.542,3.0817,5.1539,24.722,38.803,188.25,9.2971,20.872,0,0,0
22,491,0.62318,0.03878,144.31,214.67,53,26,0.0089854,0.0054569,0.043697,0.030672,0.0095345,0.048813,0.013133,0.094893,0.01772,0.0072912,0.089495,0.0089586,0.033193,0.061457,0,0,0.21416,0.30435,0.011075,0.27248,0.087673,0.16977,0.10137,0.059251,0.058533,0.10957,0.12872,0.24253,0.070673,0.050678,0,0,41.332,55.573,20.501,59.609,22.992,157.58,28.05,34.847,10.566,35.43,36.804,180.33,12.595,6.368,0,0,0
67,686,0.26419,0.0086184,105.19,95.286,31,59,0.0035124,0.0054569,0.019023,0.024149,0.0095261,0.029198,0.0095664,0.043682,0.047456,0.058019,0.10111,0.0086771,0.0028918,0.0055015,0,0,0.046231,0.30435,0.050564,0.15032,0.032922,0.16168,0.10788,0.022023,0.15206,0.071913,0.090376,0.26549,0.077387,0.063893,0,0,35.046,55.573,25.733,48.586,4.9344,170.17,29.578,10.094,2.6904,40.637,40.235,158.32,6.9606,10.97,0,0,0
355,132,0.8894,0.074678,145.19,143.97,61,17,0.0034615,0.0054569,0.045716,0.028449,0.0052017,0.032719,0.018563,0.10347,0.02551,0.027025,0.037781,0,0.061349,0.081618,0,0,0.23415,0.30435,0.11445,0.2557,0.05639,0.20438,0.081892,0.065631,0.058799,0.13376,0.12865,0,0.09685,0.2804,0,0,68.851,55.573,2.1357,39.587,25.143,142.18,13.572,21.144,14.377,7.1946,18.102,0,0.85222,15.639,0,0,0
329,189,1.1745,0.054989,93.305,111.6,32,13,0.010408,0.0054569,0.048165,0.025527,0.011019,0.032153,0.025482,0.087244,0.012041,0.023219,0.092754,0,0.048085,0.098071,0,0,0.2349,0.30435,0.0023897,0.29159,0.0039737,0.2089,0.17917,0.12363,0.034773,0.074998,0.15448,0,0.091262,0.042754,0,0,49.953,55.573,7.871,44.007,17.473,155.41,25.028,38.308,8.4584,19.857,41.88,0,6.6324,30.831,0,0,0
230,107,0.7865,0.04681,250.41,140.58,53,20,0.0014094,0.0054569,0.039929,0.033453,0.010451,0.030734,0.022514,0.11711,0.0076461,0.016289,0.066305,0.00028145,0.051082,0.067221,0,0,0.23198,0.30435,0.091528,0.25244,0.041208,0.17948,0.11861,0.092682,0.002395,0.064044,0.13562,0.3155,0.057068,0.04228,0,0,66.11,55.573,8.0148,56.784,32.378,151.69,13.261,33.672,8.6577,13.301,25.641,167.59,3.7208,18.284,0,0,0
4,705,0.43299,0.017358,268.52,195.95,60,46,0.0018307,0.0054569,0.030396,0.032766,0.0076137,0.043333,0.017835,0.087931,0.021279,0.063772,0.098455,0.00010582,0.014618,0.014809,0,0,0.33129,0.30435,0.12249,0.19141,0.04864,0.18007,0.07818,0.058526,0.032059,0.084295,0.10457,0.21532,0.052854,0.10428,0,0,69.965,55.573,8.2706,43.106,31.303,148.01,8.5464,22.142,17.072,16.652,31.601,215.3,13.439,0.83955,0,0,0
177,1103,0.77438,0.011154,280.34,263.53,85,9,0.018013,0.0054569,0.016527,0.053892,0.0069875,0.033175,0.011232,0.040117,0.05083,0.070341,0.17183,0.022093,0.006758,0.020469,0,0,0.37837,0.30435,0.11783,0.16364,0.141,0.14797,0.11522,0.031597,0.0064742,0.064884,0.20259,0.29342,0.065751,0.061624,0,0,68.727,55.573,2.069,67.849,39.91,162.45,15.071,5.1208,13.107,41.488,59.292,148.25,12.811,15.149,0,0,0
23,964,0.075947,0.013237,247.75,146.14,90,36,0.0057369,0.0054569,0.021356,0.040105,0.0054901,0.026273,0.010782,0.073539,0.054149,0.073485,0.11623,0.010354,0.00029995,0.04404,0,0,0.047007,0.30435,0.011032,0.16372,0.0085486,0.21504,0.032198,0.041345,0.080659,0.033518,0.08789,0.40643,0.045688,0.076218,0,0,46.855,55.573,12.522,39.447,32.742,122.88,2.4542,13.229,9.1416,22.827,42.303,125.86,11.595,25.729,0,0,0
80,735,0.39206,0.0074316,210.55,200.5,71,51,0.0010907,0.0048969,0.028041,0.046226,0.0069273,0.03126,0.034434,0.058837,0.009463,0.10612,0.10531,0.0088692,0.020188,0.060523,0,0,0.46995,0.17241,0.25374,0.15746,0.17187,0.21701,0.013046,0.077688,0.010709,0.031858,0.13747,0.20975,0.024449,0.029842,0,0,85.051,150.76,16.75,14.168,56.344,100.69,11.594,18.106,24.314,20.44,40.047,193.23,26.65,21.724,0,0,0
39,539,0.87356,0.025194,167.59,225.1,39,49,0.013191,0.0056044,0.017665,0.044937,0.023717,0.017197,0.037227,0.0015743,0.0073636,0.022525,0.18064,0.10836,0.020886,0.074416,0.064729,0,0.4737,0.035719,0.15027,0.28979,0.10793,0.08904,0.059839,0.067746,0.090722,0.041322,0.12683,0.35903,0.0084163,0.034907,0.24115,0,62.132,130.68,4.9354,65.967,21.639,163.77,7.4935,19.17,8.883,44.503,66.782,120.29,27.569,12.073,152.47,0,0
346,1395,0.090497,0.04333,206.27,232.78,52,49,0.016616,0.0054569,0.0069862,0.027874,0.0053224,0.031002,0.020684,0.020355,0.039835,0.081499,0.19331,0.063151,0.013254,0.11608,0.075117,0,0.16576,0.30435,0.0078465,0.20563,0.0043625,0.1546,0.057811,0.028895,0.11827,0.021057,0.065017,0.36065,0.053798,0.099623,0.21655,0,51.732,55.573,14.176,49.043,19.262,153.07,6.3764,0.6673,0.11304,38.925,54.141,123.95,35.734,16.672,152.62,0,0
101,662,0.014708,0.019221,126.89,192.55,50,44,0.016302,0.0032305,0.021728,0.053375,0.0068986,0.026116,0.0146,0.07441,0.0031257,0.040435,0.14521,0.062972,0.022556,0.0042997,0,0,0.4359,0.057531,0.052119,0.18999,0.018355,0.13838,0.013913,0.025827,0.081006,0.071756,0.22187,0.17649,0.022787,0.05591,0,0,61.822,147.6,7.1336,51.996,41.557,145.53,3.0687,9.7825,7.7787,44.77,60.045,155.06,7.1932,6.1699,0,0,0
224,1141,0.45011,0.015916,115.97,228.24,34,51,0.021479,0.0054569,0.022182,0.032474,0.0043076,0.029079,0.011812,0.064458,0.014005,0.022764,0.20361,0.085714,0.036009,0.0036996,0.0069652,0,0.32477,0.30435,0.0059578,0.25622,0.033723,0.19057,0.11529,0.061332,0.12542,0.07982,0.10186,0.23816,0.069074,0.07363,0.19719,0,48.394,55.573,11.237,63.746,12.137,159.05,21.667,39.947,3.7659,56.487,65.357,128.35,17.734,2.816,185.08,0,0
384,1590,0.099655,0.013556,244.51,276.62,56,45,0.018973,0.0054569,0.027681,0.001372,0.0056078,0.037413,0.011813,0.087176,0.0061215,0.041717,0.19091,0.058704,0.03371,0.0079957,0,0,0.15806,0.30435,0.02936,0.19731,0.044132,0.15733,0.098518,0.050212,0.16312,0.057558,0.12748,0.14503,0.050293,0.039006,0,0,38.798,55.573,27.728,58.072,7.9745,159,24.719,29.686,4.1936,46.364,51.188,167.75,17.148,0.29419,0,0,0
94,1043,0.1947,0.022881,133.19,198.13,37,41,0.011259,0.0054569,0.029438,0.018514,0.00086445,0.030343,0.025326,0.027007,0.0292,0.044288,0.1668,0.03759,0.023477,0.046436,0,0,0.050536,0.30435,0.014971,0.30205,0.057927,0.14428,0.09821,0.0060353,0.14813,0.1146,0.1171,0.17612,0.021308,0.0012796,0,0,40.03,55.573,26.976,57.469,12.492,173.61,22.987,2.1519,4.8615,49.99,51.096,178.16,6.2533,23.311,0,0,0
300,1247,0.33045,0.048517,189.84,219.47,41,21,0.035729,0.0054569,0.00085716,0.037745,0.016853,0.016053,0.030316,0.012365,0.070363,0.030177,0.2249,0.10611,0.016742,0.11806,0.11831,0,0.38757,0.30435,0.014564,0.30423,0.069682,0.1334,0.023581,0.022509,0.18451,0.051089,0.12824,0.28771,0.024374,0.07448,0.19856,0,48.356,55.573,16.671,70.111,7.2991,160.9,3.9919,5.3143,1.5578,53.93,65.121,119.57,38.345,16.306,142.28,0,0
127,890,0.079133,0.027506,137.57,174.97,64,29,0.013803,0.0054569,0.027138,0.031456,0.0014936,0.028206,0.015984,0.061137,0.01425,0.020482,0.17413,0.049002,0.011716,0.0041399,0.0062169,0,0.12167,0.30435,0.033048,0.3223,0.056021,0.15961,0.09983,0.015721,0.17172,0.029935,0.12367,0.29512,0.074745,0.030757,0.23361,0,40.615,55.573,30.072,66.459,12.503,167.25,21.62,18.521,8.8072,32.199,53.437,129.99,2.931,15.02,149.54,0,0
12,1049,0.32422,0.003536,192.67,180,53,91,0.010375,0.0054569,0.020158,0.040957,0.010911,0.0393,0.010741,0.054108,0.0074084,0.051047,0.13887,0.038303,0.029961,0.034761,0.003483,0,0.10785,0.30435,0.021052,0.011733,0.07391,0.1858,0.12,0.031782,0.17839,0.054283,0.1577,0.2664,0.053999,0.0093034,0.23676,0,51.009,55.573,18.379,55.578,13.211,148.55,20.436,1.6187,9.2526,51.611,46.109,141.47,5.4426,19.864,162.22,0,0
157,1006,0.58611,0.0071928,196.78,97.226,55,51,0.017058,0.0054569,0.0060113,0.049651,0.022407,0.032767,0.0028526,0.03229,0.12067,0.070738,0.10489,0,0.015725,0.044056,0.00038324,0,0.21371,0.30435,0.025561,0.002372,0.11986,0.14965,0.051986,0.019859,0.081383,0.097219,0.093198,0,0.0091497,0.025439,0.30875,0,56.269,55.573,8.1765,39.102,29.984,157.47,5.3999,12.124,6.7774,44.287,40.139,0,17.652,12.033,128.35,0,0
18,922,0.86729,0.011596,185.41,137.77,61,50,0.0093637,0.0054569,0.03518,0.040444,0.0047287,0.033654,0.011388,0.06659,0.03566,0.10185,0.14478,0.045391,0.025682,0.01123,0.0010256,0,0.015018,0.30435,0.066422,0.25152,0.043548,0.22889,0.13202,0.060666,0.098968,0.071453,0.13842,0.38524,0.0087851,0.15047,0.20957,0,69.53,55.573,10.183,69.016,39.096,136.44,19.653,30.39,5.1632,47.396,51.378,119.84,8.9973,34.43,197.11,0,0
149,1402,0.0090886,0.031174,322.33,170.75,54,99,0.019055,0.0054569,0.0010412,0.027149,0.0022859,0.022909,0.02608,0.03003,0.13036,0.075357,0.083991,0.013725,0.051425,0.12459,0.039897,0.0034041,0.084133,0.30435,0.027464,0.1295,0.011561,0.12856,0.015544,0.018754,0.13037,0.090302,0.069999,0.23775,0.02348,0.070115,0.24321,1.3896,44.061,55.573,25.305,44.543,27.625,150.12,4.697,6.2638,2.8314,36.456,29.921,155.21,23.664,19.837,159.13,34.298,0
2,427,0.034771,0.014159,59.58,159.1,15,39,0.00054277,0.012997,0.0038962,0.012307,0.017024,0.042135,0.017114,0.012141,0.042766,0.0023206,0.038269,0.020196,0.0341,0.036003,0,0,0.18928,0.41412,0.085645,0.18436,0.080251,0.1108,0.17418,0.010174,0.10795,0.092255,0.02942,0.022217,0.062148,0.076306,0,0,45.568,39.436,23.63,5.5778,5.8814,14.636,19.543,25.402,7.7782,13.693,2.0839,20.974,22.016,11.446,0,0,0
173,655,0.2209,0.03211,71.837,181.47,5,23,0.011205,0.012997,0.0040185,0.0078912,0.022745,0.044723,0.019367,0.057627,0.024542,0.0086699,0.042222,0.0080114,0.017659,0.10222,0,0,0.18669,0.41412,0.076561,0.14255,0.154,0.087847,0.11927,0.015393,0.09339,0.13866,0.00047075,0.041632,0.11909,0.03813,0,0,37.671,39.436,16.696,10.549,1.3636,9.5817,18.051,12.527,2.3659,24.401,0.084755,28.897,18.718,15.795,0,0,0
84,850,0.13809,0.015289,32.72,62.081,27,56,0.0012932,0.012997,0.028692,0.0013686,0.0036841,0.025108,0.042066,0.006416,0.0051937,0.059398,0.053835,0.0077299,0.053744,0.046269,0,0,0.073701,0.41412,0.037072,0.26471,0.033405,0.079756,0.12578,0.021835,0.18691,0.101,0.038816,0.064584,0.028976,0.051344,0,0,31.384,39.436,11.464,0.47432,19.421,3.0163,19.579,12.227,15.622,29.608,3.516,50.903,24.352,1.5432,0,0,0
204,32,0.48712,0.068008,72.712,110.76,3,14,0.0012423,0.012997,0.0019992,0.0056687,0.018412,0.028629,0.013937,0.066209,0.067772,0.028404,0.0094925,0.00094719,0.010497,0.12239,0,0,0.20668,0.41412,0.20209,0.15934,0.12272,0.12246,0.099794,0.021773,0.023942,0.16285,0.00053934,0.2009,0.14526,0.26785,0,0,65.189,39.436,35.061,9.4728,0.78733,24.973,3.5732,1.1764,1.4452,3.8346,18.617,209.23,30.461,6.2125,0,0,0
178,25,0.77219,0.048319,20.832,78.394,26,10,0.0081884,0.012997,0.00044985,0.0027465,0.0021914,0.028063,0.0070181,0.049978,0.054303,0.024598,0.045481,0.00094719,0.0027673,0.13884,0,0,0.20743,0.41412,0.085246,0.12344,0.062353,0.12698,0.19708,0.079777,0.06963,0.10408,0.02529,0.2009,0.13967,0.055303,0,0,46.292,39.436,29.326,5.0529,6.8824,11.751,15.029,15.987,4.4737,8.828,5.1608,209.23,24.68,40.257,0,0,0
79,271,0.38421,0.04014,177.94,107.37,5,17,0.00080984,0.012997,0.0077865,0.010672,0.0027588,0.026644,0.0099858,0.079846,0.034616,0.017668,0.019032,0.00066574,0.00022929,0.10799,0,0,0.20451,0.41412,0.17916,0.1626,0.10753,0.097562,0.13651,0.048825,0.032462,0.093127,0.0064301,0.1146,0.10548,0.029731,0,0,62.449,39.436,29.182,7.7239,8.0228,15.468,3.2619,11.352,4.2744,2.2715,11.078,41.639,27.592,27.71,0,0,0
147,869,0.030706,0.010687,196.04,162.74,2,43,0.00038852,0.012997,0.017319,0.0099851,0.0055965,0.039243,0.014665,0.050665,0.020983,0.065151,0.051181,0.00084137,0.036234,0.055576,0,0,0.30382,0.41412,0.21013,0.22362,0.11497,0.098147,0.096082,0.014668,0.0027973,0.11338,0.024621,0.014415,0.10127,0.091734,0,0,66.303,39.436,45.468,5.9545,6.9473,19.148,18.545,0.17847,4.1403,5.623,5.1187,6.0711,17.873,8.587,0,0,0
328,1267,0.3721,0.0044841,207.86,230.32,27,6,0.020232,0.012997,0.031188,0.031111,0.020198,0.029085,0.021268,0.0028509,0.0085676,0.071719,0.12455,0.021146,0.044094,0.020298,0,0,0.3509,0.41412,0.20547,0.2514,0.20732,0.066045,0.13313,0.012261,0.028383,0.093968,0.073398,0.092514,0.11416,0.049075,0,0,65.066,39.436,39.266,18.789,15.555,4.7117,5.0716,17.2,0.17458,30.459,22.573,60.973,18.502,5.7226,0,0,0
128,1128,0.32633,0.019907,175.28,112.93,32,33,0.0079561,0.012997,0.026359,0.017324,0.0077201,0.022182,0.021718,0.036273,0.011886,0.074864,0.068954,0.0094064,0.050552,0.003273,0,0,0.019537,0.41412,0.076604,0.25131,0.057778,0.13312,0.050099,0.0025127,0.11552,0.062601,0.041302,0.20553,0.002724,0.063669,0,0,43.193,39.436,24.676,9.6127,8.3863,44.279,7.5449,9.0918,3.7905,11.798,5.5833,83.368,19.718,16.303,0,0,0
71,899,0.010218,0.00076144,138.08,167.3,13,48,0.0011285,0.0026434,0.019675,0.023445,0.020137,0.02717,0.0019339,0.021571,0.051725,0.1075,0.058037,0.007922,0.030665,0.019755,0,0,0.44248,0.28218,0.34137,0.57249,0.2382,0.13509,0.0048551,0.03383,0.024148,0.060942,0.0082783,0.0088478,0.07286,0.017293,0,0,81.389,166.9,53.947,63.228,31.989,66.469,21.593,4.2145,11.382,9.4112,3.3274,15.997,4.6624,12.297,0,0,0
190,703,0.47128,0.031864,95.118,191.9,19,46,0.01541,0.0019359,0.03005,0.022156,0.010507,0.013107,0.0047267,0.035692,0.034899,0.023904,0.13337,0.10742,0.071738,0.033649,0.064729,0,0.44623,0.074047,0.23791,0.12525,0.041599,0.0071187,0.07774,0.023888,0.12558,0.070406,0.0023629,0.15813,0.039995,0.047456,0.24115,0,58.471,146.81,32.262,16.907,2.7159,3.3831,2.5057,41.49,4.0491,33.473,30.063,88.932,3.7437,2.6469,152.47,0,0
497,1559,0.49278,0.05,133.8,199.57,6,46,0.018835,0.012997,0.040729,0.0050936,0.0078878,0.026912,0.011816,0.016911,0.0024272,0.082878,0.14604,0.062204,0.064107,0.075317,0.075117,0,0.13829,0.41412,0.095482,0.2094,0.070689,0.072678,0.075713,0.014962,0.15312,0.050141,0.064175,0.15975,0.005386,0.11217,0.21655,0,48.07,39.436,23.021,0.017478,5.0935,14.083,3.6227,22.988,13.045,27.895,17.422,85.28,4.4209,7.2451,152.62,0,0
50,826,0.38757,0.025891,54.415,159.34,8,41,0.018521,0.010771,0.025988,0.030595,0.0063116,0.022025,0.0179,0.037144,0.045388,0.041814,0.097937,0.062024,0.028296,0.045067,0,0,0.40843,0.1673,0.13975,0.22505,0.047971,0.056455,0.031814,0.01803,0.11586,0.10084,0.092682,0.024416,0.025625,0.043362,0,0,58.161,163.74,30.064,2.9359,17.202,21.628,13.068,12.538,5.1534,33.741,23.326,54.171,24.12,3.2567,0,0,0
375,1305,0.047823,0.022586,43.501,195.04,24,48,0.023699,0.012997,0.025533,0.0096933,0.0089026,0.024989,0.020688,0.027192,0.028257,0.024143,0.15634,0.084767,0.086861,0.044467,0.0069652,0,0.2973,0.41412,0.093594,0.15882,0.032604,0.10865,0.13319,0.017474,0.16028,0.1089,0.027331,0.03726,0.020662,0.086179,0.19719,0,44.732,39.436,25.96,14.686,12.219,8.1036,11.668,17.627,9.1661,45.457,28.637,80.874,13.578,12.243,185.08,0,0
535,1754,0.30263,0.020226,172.04,243.42,2,42,0.021192,0.012997,0.020034,0.021409,0.018818,0.033322,0.020687,0.04991,0.036141,0.043096,0.14364,0.057757,0.084563,0.032772,0,0,0.13059,0.41412,0.058276,0.21772,0.022195,0.075413,0.11642,0.0063541,0.19797,0.086641,0.0017082,0.05587,0.001881,0.051555,0,0,35.137,39.436,9.4696,9.0124,16.381,8.1597,14.72,7.3658,17.126,35.335,14.469,41.477,14.165,9.1323,0,0,0
245,1207,0.59698,0.029551,60.716,164.92,21,38,0.013478,0.012997,0.018277,0.0042661,0.012346,0.026252,0.057826,0.010259,0.071462,0.045667,0.11953,0.036643,0.074329,0.0056683,0,0,0.023066,0.41412,0.072665,0.11299,0.0084,0.06236,0.11611,0.037822,0.18299,0.14368,0.012094,0.024786,0.027104,0.013828,0,0,36.368,39.436,10.221,8.409,11.863,6.456,12.988,24.472,17.794,38.961,14.377,31.07,25.06,13.884,0,0,0
451,1411,0.07183,0.055187,117.37,186.27,17,18,0.037948,0.012997,0.046858,0.014964,0.003643,0.011963,0.0021837,0.024901,0.0281,0.031556,0.17763,0.10517,0.03411,0.077291,0.11831,0,0.3601,0.41412,0.1022,0.11081,0.003355,0.051478,0.041482,0.021348,0.21937,0.080173,0.0009527,0.086804,0.024038,0.087028,0.19856,0,44.694,39.436,20.526,21.051,17.056,6.254,6.0073,17.006,14.49,42.901,28.402,89.656,7.0318,6.8794,142.28,0,0
278,1054,0.48142,0.034176,65.093,141.76,6,26,0.016022,0.012997,0.020577,0.0086754,0.011717,0.024116,0.016516,0.023871,0.028012,0.02186,0.12686,0.048054,0.062568,0.044907,0.0062169,0,0.094202,0.41412,0.054588,0.092739,0.010306,0.077689,0.11773,0.028137,0.20657,0.059018,0.0055186,0.094222,0.026333,0.018208,0.23361,0,36.954,39.436,7.1257,17.399,11.852,0.088008,11.62,3.7997,21.739,21.17,16.717,79.241,28.382,5.5935,149.54,0,0
163,1213,0.078066,0.010206,120.2,146.79,5,88,0.012594,0.012997,0.027557,0.018176,0.002299,0.03521,0.043241,0.016842,0.034854,0.052426,0.091597,0.037355,0.080814,0.0060066,0.003483,0,0.080375,0.41412,0.10869,0.42677,0.0075838,0.10387,0.1379,0.012076,0.21325,0.083367,0.028512,0.065499,0.0055872,0.0032454,0.23676,0,47.347,39.436,18.819,6.518,11.144,18.611,10.437,20.702,22.185,40.582,9.3898,67.753,25.87,10.437,162.22,0,0
308,1170,0.18383,0.013863,124.31,64.021,3,48,0.019277,0.012997,0.041704,0.02687,0.0091973,0.028677,0.029647,0.0049756,0.078405,0.072117,0.057613,0.00094719,0.066577,0.0032888,0.00038324,0,0.18624,0.41412,0.1132,0.41741,0.053537,0.067726,0.069887,0.023999,0.11624,0.1263,0.035994,0.2009,0.039262,0.037988,0.30875,0,52.608,39.436,29.021,9.9582,5.6284,9.6832,15.399,10.197,6.1547,33.258,3.4201,209.23,13.661,2.6061,128.35,0,0
133,1086,0.46501,0.0049259,112.94,104.57,3,47,0.0071445,0.012997,0.012535,0.017663,0.0084815,0.029564,0.043888,0.029324,0.0066021,0.10323,0.097502,0.044444,0.025171,0.051997,0.0010256,0,0.042488,0.41412,0.15406,0.16351,0.10987,0.14697,0.14992,0.016809,0.13383,0.10054,0.0092243,0.18434,0.057197,0.13792,0.20957,0,65.868,39.436,27.014,19.956,14.741,30.712,9.654,8.0692,7.7689,36.367,14.659,89.384,22.316,25.003,197.11,0,0
300,1566,0.41137,0.037845,249.86,137.55,4,96,0.021274,0.012997,0.046674,0.0043681,0.010924,0.018819,0.0064198,0.007236,0.088096,0.076735,0.036718,0.012778,0.10228,0.08382,0.039897,0.0034041,0.056663,0.41412,0.060172,0.28554,0.077888,0.046641,0.002357,0.025103,0.16523,0.11939,0.059193,0.036852,0.024931,0.082664,0.24321,1.3896,40.4,39.436,11.892,4.5168,3.2693,17.039,14.696,28.584,15.763,25.427,6.7987,54.017,7.6488,10.411,159.13,34.298,0
92,554,0.14874,0.038171,30.151,22.029,9,8,0.017476,0,0.029983,0.018783,0.0067794,0.02459,0.025871,0.016788,0.018697,0.086503,0.0053319,0.003927,0.024223,0.085753,0.059963,0,0.22961,0,0.029675,0.17461,0.066136,0.08045,0.10557,0.0065343,0.0048395,0.036455,0.079792,0.25968,0.017423,0.20477,0.23393,0,1.9245,0,3.8574,12.488,1.3991,20.594,26.131,9.2115,4.7674,1.8831,2.261,48.677,28.349,4.0677,155.02,0,1
83,326,0.33487,0.056122,42.409,44.401,11,8,0.0057291,0,0.029861,0.014367,0.0125,0.027179,0.028124,0.086557,0.00047346,0.080153,0.0092845,0.0082579,0.040663,0.15197,0.059963,0,0.2322,0,0.038758,0.21641,0.13988,0.057499,0.050667,0.0013152,0.0097162,0.082857,0.049901,0.24026,0.039514,0.16659,0.23393,0,9.8221,0,3.0771,17.459,5.9169,25.648,24.638,47.14,0.64481,8.8244,4.2601,40.754,25.051,23.173,155.02,0,1
6,131,0.024117,0.0087234,3.2914,74.986,33,25,0.018227,0,0.0051872,0.0078443,0.0065603,0.0075631,0.050823,0.035345,0.029262,0.029426,0.020897,0.0085393,0.0045783,0.096018,0.059963,0,0.49259,0,0.078247,0.094256,0.01929,0.049408,0.057175,0.038544,0.083806,0.045196,0.011556,0.21731,0.10855,0.17981,0.23393,0,16.108,0,8.309,6.4354,12.14,38.246,26.167,22.387,12.612,14.032,0.82884,18.748,30.685,5.8349,155.02,0,1
294,949,0.60109,0.09202,43.284,26.304,3,17,0.018176,0,0.03188,0.012144,0.0081675,0.011084,0.022694,0.095138,0.043704,0.06042,0.04243,0.017216,0.068819,0.17214,0.059963,0,0.21221,0,0.08677,0.19963,0.1086,0.092109,0.031186,0.0050648,0.12705,0.10705,0.049832,0.4828,0.06569,0.39632,0.23393,0,17.696,0,15.289,2.5631,8.0678,10.257,10.161,33.437,4.456,19.411,22.962,139.58,36.794,1.1657,155.02,0,1
268,1006,0.88616,0.072331,8.597,58.673,32,21,0.025122,0,0.034329,0.0092222,0.0080529,0.010518,0.015775,0.078907,0.030234,0.064226,0.012544,0.017216,0.055555,0.18859,0.059963,0,0.21146,0,0.030073,0.23552,0.048238,0.096636,0.12847,0.063069,0.033476,0.048281,0.075661,0.4828,0.060102,0.073161,0.23393,0,1.2011,0,9.5533,1.8569,0.39813,23.48,21.617,50.601,1.4629,6.7481,0.81587,139.58,31.014,47.635,155.02,0,1
169,710,0.49819,0.064152,148.51,29.693,11,14,0.016124,0,0.026093,0.017148,0.0074856,0.0090995,0.018742,0.10877,0.010547,0.071156,0.013905,0.016935,0.058552,0.15774,0.059963,0,0.21438,0,0.063844,0.19637,0.093419,0.067214,0.067907,0.032116,0.070644,0.037327,0.056802,0.1673,0.025908,0.1582,0.23393,0,14.956,0,9.4096,14.634,15.303,19.763,9.8495,45.965,1.2636,13.305,15.423,28.012,33.925,35.088,155.02,0,1
57,112,0.14468,0.034699,166.61,25.675,4,12,0.016545,0,0.01656,0.016461,0.0046478,0.021699,0.023422,0.079594,0.0030853,0.023672,0.018244,0.017111,0.022088,0.10533,0.059963,0,0.11507,0,0.094808,0.13535,0.10085,0.067799,0.027474,0.0020406,0.10031,0.057579,0.025751,0.26748,0.021695,0.2202,0.23393,0,18.81,0,25.695,0.95524,14.228,16.082,11.958,34.435,7.151,9.9531,9.4636,75.722,24.206,15.965,155.02,0,1
238,286,0.48607,0.028496,178.44,93.256,21,25,0.0032986,0,0.002691,0.037587,0.0099534,0.011541,0.030025,0.03178,0.032636,0.017104,0.091616,0.0048766,0.014228,0.070048,0.059963,0,0.067988,0,0.09015,0.10757,0.19321,0.035697,0.064518,0.02897,0.074724,0.038168,0.12377,0.18938,0.034591,0.17754,0.23393,0,17.573,0,19.493,25.699,22.836,30.518,11.659,17.414,3.1853,14.883,18.228,8.678,24.835,1.6556,155.02,0,1
38,147,0.21236,0.004105,145.85,24.134,26,2,0.0089775,0,0.0075199,0.0238,0.0025242,0.004638,0.030475,0.065203,0.035955,0.01396,0.036017,0.0068628,0.0077701,0.046477,0.059963,0,0.39935,0,0.038716,0.10766,0.043663,0.10277,0.018508,0.019221,0.01241,0.0068014,0.0090699,0.076366,0.076847,0.19213,0.23393,0,4.2996,0,4.9028,2.7029,15.667,9.0487,0.9573,25.522,0.77972,3.7782,1.2384,13.717,26.051,8.9247,155.02,0,1
19,82,0.10375,0.024773,108.65,30.228,7,17,0.015805,0.010354,0.014205,0.029921,0.0098932,0.0096254,0.0068227,0.0505,0.027657,0.018678,0.0251,0.0083473,0.027658,0.029994,0.059963,0,0.023586,0.13194,0.22605,0.21353,0.22408,0.10474,0.063752,0.017121,0.078958,0.0051418,0.05865,0.27305,0.0067109,0.14576,0.23393,0,33.897,206.33,34.174,56.319,39.269,31.239,15.006,30.399,14.393,6.1649,1.0175,53.654,10.995,4.9192,155.02,0,1
100,278,0.58525,0.0078524,65.69,54.828,25,15,0.0015233,0.011061,0.0038288,0.028632,0.020751,0.0044376,0.0040299,0.0067624,0.01083,0.06492,0.10043,0.091147,0.013416,0.016101,0.0047661,0,0.027337,0.34007,0.12259,0.23372,0.055714,0.023229,0.0091326,0.0071797,0.022473,0.014606,0.048009,0.12377,0.039576,0.081008,0.0072159,0,10.978,186.25,12.489,23.817,4.5646,31.847,4.082,6.8764,1.0383,17.897,25.718,19.281,10.077,4.7313,2.5484,0,1
407,578,0.37881,0.025988,104.37,62.503,12,15,0.0019013,0,0.0068499,0.011569,0.0023566,0.0093675,0.020573,0.012018,0.021641,0.0059457,0.1131,0.045934,0.0057842,0.025567,0.015155,0,0.2806,0,0.019837,0.14956,0.056574,0.04233,0.0071053,0.031671,0.050017,0.0056591,0.013803,0.12215,0.084957,0.016293,0.017381,0,0.57723,0,3.2483,6.8923,2.187,21.147,2.9649,11.626,10.034,12.319,13.077,15.629,1.9121,0.13305,2.4069,0,1
40,155,0.2736,0.0018788,24.986,22.278,14,10,0.0015875,0.0022264,0.0078916,0.03707,0.0039328,0.0044809,0.026657,0.066074,0.021319,0.047009,0.065,0.045755,0.030026,0.094817,0.059963,0,0.010466,0.24682,0.024435,0.13392,0.033856,0.026107,0.036793,0.034739,0.012757,0.04504,0.14305,0.30631,0.053947,0.17183,0.23393,0,10.668,203.18,10.291,9.8456,24.482,13.602,6.4801,22.076,2.1426,18.165,18.981,15.48,30.453,10.635,155.02,0,1
285,324,0.16179,0.001426,14.072,57.968,30,17,0.006765,0,0.0083461,0.016169,0.0013417,0.0074441,0.029444,0.056121,0.0041884,0.06468,0.1234,0.068498,0.028539,0.094217,0.052997,0,0.12159,0,0.021726,0.20015,0.018489,0.078303,0.064581,0.00076585,0.057175,0.053104,0.023041,0.24464,0.10023,0.042285,0.036736,0,2.7603,0,6.1873,21.595,4.938,27.127,18.256,52.24,6.1554,29.881,24.292,11.223,19.911,19.621,30.053,0,1
445,773,0.18866,0.0037856,142.61,106.35,8,11,0.0042581,0,0.013845,0.014933,0.0085737,0.015778,0.029443,0.078839,0.012072,0.045727,0.1107,0.041487,0.02624,0.082521,0.059963,0,0.2883,0,0.057043,0.14125,0.0080797,0.045065,0.047812,0.010354,0.094868,0.030841,0.048663,0.33777,0.081452,0.076909,0.23393,0,12.356,0,10.303,15.922,9.1003,27.07,21.307,41.98,14.115,19.759,10.124,28.174,20.498,16.511,155.02,0,1
155,226,0.48301,0.0055392,31.287,27.855,27,7,0.003456,0,0.015602,0.0022096,0.0021014,0.0087079,0.066583,0.018671,0.047393,0.043157,0.08659,0.020373,0.016007,0.044081,0.059963,0,0.39582,0,0.042655,0.24598,0.005715,0.032012,0.047504,0.054531,0.079881,0.087885,0.038278,0.30668,0.052468,0.11464,0.23393,0,11.125,0,9.5519,15.319,4.5823,41.686,19.576,10.141,14.783,23.385,10.032,38.581,31.393,6.5062,155.02,0,1
361,430,0.042141,0.031175,87.939,49.202,23,13,0.021014,0,0.012979,0.02144,0.013887,0.0055813,0.01094,0.0040279,0.052169,0.057267,0.14469,0.088898,0.024212,0.027541,0.058347,0,0.058789,0,0.013119,0.24816,0.01747,0.02113,0.027125,0.038057,0.11626,0.024373,0.049419,0.19509,0.055534,0.041436,0.035374,0,2.7984,0,0.75343,27.961,9.7756,28.976,0.58037,17.608,11.479,27.325,24.057,20.005,0.69876,0.49872,12.741,0,1
188,73,0.36744,0.010164,35.665,4.6942,0,5,0.00091193,0,0.013302,0.015151,0.0014723,0.0065718,0.025272,0.0528,0.0039432,0.066963,0.093919,0.031785,0.0042455,0.094657,0.053746,0,0.32469,0,0.060732,0.26623,0.0038091,0.047341,0.049124,0.044845,0.10347,0.0032185,0.044853,0.18768,0.1059,0.14667,0.00031589,0,10.539,0,12.647,24.309,4.5714,35.318,18.208,30.814,18.729,5.5941,12.373,9.5896,34.715,1.7847,5.4783,0,1
73,232,0.035905,0.013806,90.767,9.7239,11,57,0.0043397,0,0.0063222,0.024652,0.0079454,0.017666,0.051998,0.045771,0.010785,0.036397,0.058659,0.021086,0.022491,0.055756,0.05648,0,0.33852,0,0.0066321,0.067799,0.021699,0.073527,0.069291,0.028784,0.11014,0.027567,0.078884,0.2164,0.085159,0.12522,0.0028272,0,0.14539,0,0.95431,13.428,3.8638,16.62,17.025,13.912,19.174,25.006,5.0449,1.8984,32.203,3.0589,7.1976,0,1
218,189,0.2978,0.010149,94.877,73.046,9,17,0.0023437,0,0.0078249,0.033346,0.019442,0.011132,0.038404,0.023954,0.10247,0.016706,0.024675,0.017216,0.0082551,0.046461,0.059579,0,0.23265,0,0.0021229,0.058439,0.067652,0.037378,0.0012802,0.040707,0.013134,0.070503,0.014378,0.4828,0.040309,0.090476,0.074825,0,5.1149,0,9.2478,3.0484,12.909,25.547,8.8114,24.417,3.1439,17.682,0.92477,139.58,19.994,4.772,26.674,0,1
43,105,0.57898,0.028938,83.51,32.502,3,16,0.024078,0,0.021344,0.024139,0.0017628,0.012019,0.052644,0.058253,0.017467,0.014407,0.064565,0.028175,0.033152,0.10175,0.058937,0,0.46138,0,0.038738,0.19546,0.095759,0.11662,0.081317,0.00010017,0.030719,0.044736,0.059596,0.09756,0.022375,0.26638,0.024364,0,18.376,0,7.2409,26.866,22.021,4.5177,16.242,42.683,4.7581,20.791,10.314,19.733,28.649,17.625,42.085,0,1
210,585,0.2974,0.013833,220.43,0.47869,10,65,0.0043405,0,0.012795,0.010844,0.00068002,0.0012741,0.015176,0.021693,0.11216,0.012088,0.0037807,0.0034909,0.043955,0.03407,0.020066,0.0034041,0.36223,0,0.055148,0.073429,0.063773,0.016293,0.06625,0.041812,0.062123,0.063585,0.0088211,0.24504,0.05464,0.045801,0.0092766,1.3896,7.0931,0,7.8811,2.3929,10.55,18.191,8.1085,6.0294,12.753,9.8508,11.144,15.634,13.982,3.0328,4.1117,34.298,1
75,60,0.1147,0.0041482,98.483,95.737,42,20,0.016657,0,0.018515,0.0018975,0.012111,0.026915,0.0032037,0.014863,0.026559,0.047704,0.010189,0.021143,0.025082,0.0045656,0,0,0.076185,0,0.0057274,0.053921,0.036039,0.039022,0.050721,0.010468,0.02914,0.036924,0.0019055,0.22312,0.0061883,0.038238,0,0,2.1606,0,2.8201,11.658,14.177,3.0247,3.0115,11.553,3.9898,9.5138,4.2318,188.25,9.3098,3.4704,0,0,1
250,288,0.071436,0.022099,110.74,118.11,22,4,0.0049099,0,0.018393,0.0063134,0.017833,0.029503,0.0054568,0.054905,0.044783,0.041355,0.014141,0.0089586,0.041522,0.061655,0,0,0.07877,0,0.014811,0.012113,0.03771,0.016071,0.0041823,0.015687,0.043696,0.0094776,0.031796,0.24253,0.063125,0.076415,0,0,5.737,0,9.7546,6.6865,9.6594,8.0787,1.5187,26.376,9.402,1.1937,6.2309,180.33,6.0121,30.711,0,0,1
161,483,0.28755,0.025299,71.623,1.2782,0,37,0.017408,0,0.0062803,0.012836,0.0012281,0.0098874,0.028156,0.0036935,0.074519,0.0093729,0.025754,0.0086771,0.0054376,0.0057002,0,0,0.33916,0,0.0543,0.13427,0.082885,0.0079799,0.0023258,0.021541,0.049827,0.028183,0.070141,0.26549,0.084936,0.063201,0,0,12.023,0,14.986,17.71,27.717,20.677,3.0471,1.6222,3.8545,6.4012,2.7996,158.32,11.646,13.373,0,0,1
127,335,0.33765,0.057997,111.61,47.405,30,5,0.017357,0,0.020413,0.008536,0.0135,0.013409,2.6749e-05,0.063486,0.0015523,0.021621,0.037573,0,0.069678,0.081817,0,0,0.058784,0,0.11072,0.028896,0.006427,0.050681,0.023663,0.022067,0.16103,0.033667,0.031865,0,0.089302,0.15331,0,0,21.781,0,8.6111,26.708,7.5084,7.3128,12.959,12.673,13.213,27.041,24.933,0,17.755,8.7037,0,0,1
101,392,0.62273,0.038308,59.734,15.036,1,9,0.024303,0,0.022862,0.011458,0.0027208,0.012842,0.0068921,0.047256,0.015022,0.025427,0.017401,0,0.056414,0.098269,0,0,0.058035,0,0.0061259,0.0069958,0.053937,0.055208,0.073619,0.080071,0.067456,0.025098,0.006036,0,0.083714,0.16985,0,0,2.884,0,2.8759,22.288,15.178,5.9098,1.5029,29.836,7.2943,14.379,1.1549,0,11.975,55.174,0,0,1
2,96,0.23475,0.030129,216.84,44.015,22,2,0.015305,0,0.014625,0.0035323,0.0021534,0.011424,0.0039244,0.077123,0.034709,0.032357,0.0090485,0.00028145,0.059411,0.06742,0,0,0.060953,0,0.087792,0.032159,0.0087553,0.025786,0.013058,0.049118,0.10462,0.036052,0.024895,0.3155,0.04952,0.084814,0,0,19.041,0,2.7321,9.5117,0.27297,2.1929,13.27,25.201,7.4936,20.935,17.394,167.59,14.886,42.626,0,0,1
224,502,0.11876,0.0006765,234.94,99.383,29,24,0.015726,0,0.0050925,0.0042195,0.00068431,0.024023,0.00075515,0.047942,0.048342,0.015126,0.023101,0.00010582,0.022948,0.015007,0,0,0.038356,0,0.11876,0.093182,0.0013229,0.02637,0.027375,0.014962,0.13429,0.015801,0.055946,0.21532,0.045306,0.022811,0,0,22.895,0,19.017,23.19,1.3485,1.4879,35.077,13.671,15.908,17.584,11.434,215.3,5.1676,23.503,0,0,1
405,900,0.22263,0.0055267,246.77,166.96,54,13,0.0041178,0,0.0087765,0.016906,0.015285,0.013865,0.007358,0.00012839,0.077892,0.021694,0.096472,0.022093,0.015087,0.02027,0,0,0.08544,0,0.1141,0.12096,0.091035,0.0057317,0.009669,0.011967,0.1087,0.035211,0.042072,0.29342,0.058203,0.065469,0,0,21.658,0,12.816,1.5536,7.2592,12.949,11.46,3.3506,11.943,7.2522,16.258,148.25,5.7958,9.1936,0,0,1
205,761,0.4758,0.029918,214.18,49.575,59,14,0.0081583,0,0.0039476,0.0031199,0.0028079,0.0069622,0.0078079,0.033551,0.081211,0.024839,0.040874,0.010354,0.0086293,0.043842,0,0,0.24593,0,0.014769,0.12087,0.058512,0.06134,0.073357,0.002219,0.021569,0.066578,0.072627,0.40643,0.053236,0.050875,0,0,0.21453,0,1.7747,26.848,0.09052,26.618,24.077,4.7572,7.9775,11.409,0.73234,125.86,7.0122,1.3866,0,0,1
148,532,0.15968,0.0092494,176.98,103.94,40,29,0.014986,0.010354,0.0027371,0.0092408,0.015225,0.01195,0.015844,0.018848,0.0176,0.057477,0.029957,0.0088692,0.028517,0.060324,0,0,0.17701,0.13194,0.25,0.44205,0.12191,0.063309,0.1186,0.034124,0.11294,0.068237,0.023047,0.20975,0.016901,0.097251,0,0,37.982,206.33,27.497,80.464,23.693,48.809,38.125,9.6345,23.15,13.796,2.9882,193.23,8.0435,2.6189,0,0,1
267,336,0.32181,0.041875,134.02,128.54,8,27,0.00070411,0.011061,0.0076387,0.0079513,0.015419,0.0021133,0.018637,0.038414,0.034426,0.026121,0.10529,0.10836,0.012556,0.074217,0.064729,0,0.18076,0.34007,0.14653,0.0051932,0.15789,0.064657,0.045717,0.024182,0.011507,0.058773,0.033688,0.35903,0.015964,0.162,0.24115,0,15.063,186.25,5.8115,0.32854,11.012,14.277,19.037,27.641,7.7189,10.267,23.747,120.29,8.9621,12.269,152.47,0,1
574,1192,0.64225,0.060011,172.7,136.21,21,27,0.0027205,0,0.018317,0.009111,0.0029756,0.011692,0.0020941,0.019634,0.066898,0.032853,0.11796,0.063151,0.0049249,0.11589,0.075117,0,0.12717,0,0.0041102,0.078964,0.045601,0.00090209,0.047744,0.014669,0.016037,0.079038,0.0955,0.36065,0.061346,0.22672,0.21655,0,4.6623,0,3.4292,17.253,13.389,3.5776,20.155,9.1387,1.2771,4.6885,11.106,123.95,17.127,7.6711,152.62,0,1
127,459,0.53704,0.035902,93.318,95.986,19,22,0.0024067,0.0022264,0.0035759,0.01639,0.0013994,0.0068052,0.00399,0.034422,0.023937,0.0082109,0.069857,0.062972,0.030886,0.0044984,0,0,0.14296,0.24682,0.048382,0.094607,0.068318,0.015322,0.091643,0.017737,0.021223,0.02834,0.061357,0.17649,0.030335,0.071183,0,0,14.753,203.18,3.6133,14.3,8.9061,3.9673,29.6,1.3111,6.6146,10.534,17.01,155.06,11.414,18.173,0,0,1
452,938,0.10164,0.032597,82.403,131.68,3,29,0.0075842,0,0.0031214,0.0045113,0.0039904,0.0097684,0.0067773,0.024469,0.041068,0.025882,0.12826,0.085714,0.027679,0.0038984,0.0069652,0,0.031836,0,0.0022216,0.02838,0.083686,0.036875,0.0097321,0.017768,0.023196,0.020276,0.058657,0.23816,0.076622,0.20072,0.19719,0,1.3247,0,0.49019,2.5499,20.514,9.5568,4.8635,31.476,2.6018,22.251,22.322,128.35,0.87254,27.159,185.08,0,1
612,1387,0.45209,0.030237,210.94,180.06,25,23,0.0050772,0,0.0023773,0.035613,0.013906,0.018102,0.0067766,0.047187,0.033184,0.006929,0.11556,0.058704,0.025381,0.007797,0,0,0.13487,0,0.033096,0.08728,0.094095,0.0036368,0.0070373,0.0066479,0.060889,0.042538,0.033034,0.14503,0.057841,0.1661,0,0,8.2712,0,16.981,8.2231,24.677,9.5007,1.8122,21.215,5.3577,12.128,8.1533,167.75,1.4592,24.049,0,0,1
322,840,0.74644,0.039562,99.618,101.56,6,19,0.0026368,0,0.0041346,0.018471,0.0074335,0.011032,0.043916,0.012981,0.0021371,0.0043581,0.091446,0.03759,0.015148,0.046237,0,0,0.2424,0,0.018707,0.017455,0.10789,0.0094166,0.0073453,0.037529,0.045902,0.014506,0.043419,0.17612,0.028856,0.12837,0,0,7.0396,0,16.229,8.8265,20.159,24.116,3.544,10.623,6.0256,15.754,8.0609,178.16,12.354,1.0319,0,0,1
528,1044,0.2213,0.065198,156.27,122.91,10,1,0.021833,0,0.024447,0.00075971,0.0085553,0.003257,0.011727,0.027624,0.097425,0.018469,0.14955,0.10611,0.025072,0.11786,0.11831,0,0.094639,0,0.010828,0.019635,0.11964,0.020298,0.081974,0.021055,0.082285,0.049007,0.032278,0.28771,0.031922,0.20157,0.19856,0,1.2866,0,5.9241,3.8154,25.352,11.406,22.539,3.1571,2.7219,19.694,22.086,119.57,19.738,8.0368,142.28,0,1
355,687,0.63088,0.044187,104,78.402,33,7,9.275e-05,0,0.0018343,0.0055292,0.0068044,0.0088961,0.0026055,0.021148,0.041313,0.028164,0.098776,0.049002,0.0033862,0.0043386,0.0062169,0,0.17126,0,0.036784,0.037701,0.10598,0.0059124,0.005725,0.027843,0.069489,0.070161,0.036844,0.29512,0.082293,0.096337,0.23361,0,6.4541,0,19.325,0.16364,20.148,17.748,4.9114,10.049,9.9713,2.0366,10.402,129.99,15.676,9.3228,149.54,0,1
240,846,0.22753,0.020217,159.1,83.432,22,69,0.0035205,0,0.0051453,0.0039718,0.0026133,0.01999,0.029331,0.014119,0.034471,0.0024013,0.063516,0.038303,0.021632,0.034562,0.003483,0,0.18509,0,0.017315,0.29633,0.12387,0.032098,0.014442,0.011782,0.076166,0.045813,0.0028136,0.2664,0.061547,0.11779,0.23676,0,3.9396,0,7.6318,10.718,19.44,0.95022,6.0948,6.8527,10.417,17.375,3.0741,141.47,13.164,4.4792,162.22,0,1
385,803,0.034365,0.023874,163.21,0.66224,24,29,0.0031629,0,0.019292,0.012665,0.014109,0.013457,0.015737,0.0076981,0.14773,0.022092,0.029532,0,0.0073958,0.043858,0.00038324,0,0.079221,0,0.021824,0.28697,0.16983,0.0040501,0.053569,0.023705,0.020846,0.0028763,0.067319,0,0.016698,0.15253,0.30875,0,9.1999,0,2.5704,27.194,2.6673,7.9772,31.931,3.6524,5.6133,10.051,2.8955,0,0.95491,12.31,128.35,0,1
210,719,0.31554,0.0050849,151.84,41.207,30,28,0.023259,0,0.0098765,0.0034589,0.0035693,0.014344,0.029977,0.026601,0.062723,0.053206,0.069421,0.045391,0.034011,0.011429,0.0010256,0,0.30795,0,0.062685,0.033071,0.0064157,0.075194,0.026468,0.017102,0.0032603,0.028643,0.022101,0.38524,0.001237,0.023374,0.20957,0,22.461,0,0.5634,2.7204,6.4452,13.052,6.8779,21.918,3.9991,13.16,8.3434,119.84,9.6097,10.087,197.11,0,1
377,1199,0.56084,0.047855,288.76,74.187,23,77,0.0051597,0,0.024262,0.0098365,0.0060121,0.0035983,0.0074904,0.0099585,0.15742,0.02671,0.0086376,0.013725,0.043096,0.12439,0.039897,0.0034041,0.2088,0,0.0312,0.1551,0.038402,0.025135,0.1211,0.02481,0.028143,0.0097942,0.090518,0.23775,0.031029,0.19721,0.24321,1.3896,3.0081,0,14.559,21.752,5.0264,0.62096,31.228,14.735,3.9955,2.2201,13.114,155.21,5.0571,4.5053,159.13,34.298,1
