54,939,0.1176,0.029144,122.65,123.74,1,15,0.027743,0.030872,0.018666,0.034253,0,0,0.038648,0.011831,0.046787,0.055939,0.0065748,0.046952,0.042824,0.0067687,0.053628,0.01411,0.80154,0.13827,0.10883,0.23187,0,0,0.10342,0.039249,0.11434,0.19169,0.33438,0.012812,0.11388,0.015892,0.037266,0.08157,44.947,18.082,15.832,0.18091,0,0,19.278,3.0259,18.867,1.142,21.336,12.779,19.979,0.56631,9.4215,19.091,0
34,961,0.49714,0.18628,317.65,158.63,36,3,0.016499,0.015503,0.054598,0.074569,0,0,0.066578,0.060647,0.0033734,0.053727,0.11001,0.15438,0.057086,0.09624,0.082587,0.068532,0.02363,0.042135,0.24941,0.063533,0,0,0.088421,0.070957,0.4934,0.05074,0.443,0.41654,0.23105,0.41674,0.41759,0.72541,24.977,0.53407,17.372,0.72101,0,0,17.889,55.711,1.1451,0.27741,84.179,83.354,13.555,17.008,134.59,12.395,0
87,597,0.21318,0.12806,328.68,193.33,32,5,0.018249,0.006952,0.019549,0.047192,0,0,0.042006,0.073757,0.055737,0.070058,0.11001,0.15431,0.053218,0.061938,0.082587,0.063239,0.074677,0.1279,0.024651,0.17713,0,0,0.18085,0.088674,0.47751,0.15515,0.443,0.011953,0.19285,0.38113,0.41759,0.70594,25.242,33.478,17.854,11.887,0,0,14.087,34.669,14.596,16.012,84.179,58.909,8.0807,7.6353,134.59,34.805,0
11,1120,0.16625,0.08383,257.9,226.93,14,97,0.016054,0.015595,0.056078,0.036671,0,0,0.060123,0.036048,0.016486,0.085178,0.11001,0.15438,0.1094,0.10767,0.082587,0.065433,0.0073253,0.15085,0.2982,0.23391,0,0,0.19501,0.15629,0.31062,0.15886,0.443,0.41654,0.15303,0.36298,0.41759,0.68549,24.304,16.713,13.62,13.011,0,0,20.536,21.345,25.091,5.922,84.179,83.354,1.7886,11.386,134.59,0.71869,0
22,991,0.24643,0.15839,385.02,255.65,13,61,0.027743,0.030829,0.15741,0.055848,0,0,0.015268,0.013728,0.052241,0.052723,0.11001,0.15438,0.11219,0.13779,0.082587,0.067303,0.80154,0.082216,0.39381,0.14105,0,0,0.2557,0.19631,0.55657,0.32974,0.443,0.41654,0.40266,0.40483,0.41759,0.64361,44.947,14.438,22.474,5.0355,0,0,12.609,6.1085,0.28751,17.699,84.179,83.354,9.3456,5.1861,134.59,37.262,0
131,1122,0.44297,0.14616,535.95,101.12,33,2,0.008503,0.00057134,0.032346,0.0039991,0,0,0.035099,0.10365,0.094699,0.057364,0.11001,0.10553,0.072102,0.054404,0.064743,0.061877,0.02819,0.073326,0.21002,0.064115,0,0,0.037433,0.1322,0.2851,0.24818,0.443,0.38067,0.21161,0.36164,0.0020606,0.018043,9.296,22.403,1.9312,6.1073,0,0,25.371,40.702,9.0898,9.2126,84.179,22.717,2.6634,18.589,33.675,57.667,0
54,644,0.24678,0.099588,235.18,127.17,19,29,0.017332,0.015085,0.0098231,0.013049,0,0,8.063e-05,0.022406,0.054499,0.09928,0.11001,0.13425,0.1302,0.1209,0.071597,0.06609,0.10778,0.0037519,0.21361,0.068053,0,0,0.1141,0.11916,0.35587,0.056084,0.443,0.45328,0.18804,0.36992,0.094065,0.70588,22.966,2.2174,8.6894,5.7346,0,0,21.835,61.152,3.5682,12.325,84.179,4.2182,7.9624,31.413,39.442,16.743,0
174,729,0.26766,0.10375,362.43,187.92,33,26,0.027743,0.025019,0.029644,0.036269,0,0,0.011461,0.029672,0.0039602,0.12596,0.11001,0.15438,0.12891,0.075824,0.082587,0.068165,0.80154,0.10382,0.55159,0.11471,0,0,0.11107,0.071615,0.50604,0.20481,0.443,0.41654,0.31109,0.4271,0.41759,0.7404,44.947,1.2448,20.219,29.172,0,0,1.4463,41.391,38.907,26.051,84.179,83.354,12.896,5.8073,134.59,24.449,0
52,941,0.25886,0.049221,240.77,66.637,14,0,0.021809,0.026153,0.0027759,0.053919,0,0,0.058373,0.096953,0.09757,0.07406,0.096255,0.094597,0.019028,0.010154,0.029099,0.068595,0.058878,0.13019,0.064148,0.14997,0,0,0.12273,0.17085,0.1112,0.027848,0.30337,0.22274,0.087155,0.1591,0.014811,0.75736,35.032,0.40687,20.974,2.065,0,0,20.155,47.313,4.714,6.6083,5.5813,15.098,9.3095,41.785,7.0761,16.412,0
255,807,0.27469,0.10203,222.85,214.28,33,24,0.019397,0.010823,0.022455,0.097241,0,0,0.071523,0.12905,0.056543,0.079027,0.11001,0.15438,0.047007,0.041135,0.082587,0.063314,0.06168,0.24059,0.054599,0.24138,0,0,0.062779,0.18291,0.3678,0.0065741,0.443,0.41654,0.18036,0.15088,0.41759,0.71216,33.007,18.904,29.506,9.3374,0,0,23.21,54.147,17.794,11.068,84.179,83.354,17.448,47.766,134.59,100.62,0
103,1089,0.19752,0.15841,282.8,207.76,19,18,0.027743,0.033958,0.11463,0.12583,0,0,0.011569,0.034669,0.045109,0.053477,0.11001,0.15438,0.12207,0.17042,0.082587,0.067041,0.80154,0.20111,0.52778,0.16214,0,0,0.26759,0.22008,0.72158,0.2931,0.443,0.41654,0.33787,0.46965,0.41759,0.71242,44.947,0.7249,14.353,6.5748,0,0,1.4856,22.599,7.017,2.8983,84.179,83.354,5.7623,14.53,134.59,11.153,0
99,1354,0.01868,0.13727,366.11,138.18,12,52,0.0010376,0.0057766,0.089346,0.070857,0.019509,0,0.074975,0.034694,0.04015,0.083698,0.11001,0.15438,0.066542,0.12309,0.053001,0.035621,0.062802,0.13945,0.37498,0.092103,0.083995,0,0.22326,0.17332,0.71694,0.10426,0.443,0.41654,0.33391,0.50888,0.62617,0.38427,2.2757,25.553,36.478,2.6605,165.68,0,18.156,20.884,11.332,14.824,84.179,83.354,0.86749,40.26,56.882,79.147,0
31,882,0.14846,0.15626,372.54,62.889,33,9,0.027743,0.015953,0.031471,0.042155,0,0,0.042199,0.096041,0.041772,0.088774,0.11001,0.15438,0.11208,0.068268,0.082587,0.068934,0.80154,0.12958,0.10336,0.052702,0,0,0.090417,0.23294,0.18676,0.0049291,0.443,0.41654,0.30778,0.49208,0.41759,0.73855,44.947,5.8165,34.314,8.079,0,0,4.1625,52.875,15.302,20.797,84.179,83.354,0.63892,3.6838,134.59,0.84022,0
204,6,0.44256,0.20989,236.99,187.08,32,21,0.027743,0.023578,0.03904,0.027874,0,0,0.013622,0.045448,0.0050259,0.058255,0.11001,0.15438,0.069862,0.05318,0.082587,0.069424,0.80154,0.042666,0.63181,0.12833,0,0,0.1133,0.043419,0.62735,0.2484,0.443,0.41654,0.37182,0.50585,0.41759,0.75636,44.947,11.799,0.61432,17.703,0,0,12.314,47.207,29.951,30.091,84.179,83.354,9.7743,3.3454,134.59,77.524,0
69,652,0.19954,0.17322,390.62,239.6,35,32,0.023335,0.032267,0.16971,0.12057,0,0,0.020211,0.010473,0.068859,0.051765,0.11001,0.15438,0.072501,0.058362,0.082587,0.068353,0.013281,0.12103,0.3867,0.18619,0,0,0.15248,0.18017,0.6492,0.49365,0.443,0.41654,0.38023,0.43231,0.41759,0.71706,38.001,7.7313,23.076,14.297,0,0,15.654,35.308,1.9637,11.232,84.179,83.354,50.227,7.6611,134.59,35.252,0
33,1112,0.0065924,0.13999,378.27,186.75,30,25,0.015504,0.0030368,0.091444,0.10457,0,0,0.090431,0.04063,0.036262,0.063698,0.10725,0.086197,0.058944,0.14978,0.052168,0.068258,0.049331,0.23249,0.44214,0.24923,0,0,0.13122,0.092392,0.28615,0.41564,1.0403,0.24175,0.42507,0.44983,0.00018223,0.53893,20.744,40.184,24.94,7.7111,0,0,7.6,58.811,12.11,27.296,16.779,38.678,18.09,11.486,24.965,57.421,0
186,2638,0.0041713,0.096065,608.88,203.02,28,18,0.015764,0.02376,0.16739,0.10586,0,0,0.1003,0.011686,0.029134,0.051359,0.11001,0.086194,0.078398,0.11674,0.0028392,0.022288,0.1708,0.035611,0.36431,0.12505,0,0,0.10187,0.12997,0.40002,0.34847,0.443,0.24237,0.40426,0.28884,0.022787,0.51381,11.356,6.113,28.779,3.2944,0,0,14.473,16.591,4.7601,7.4944,84.179,17.54,7.7048,1.6388,26.171,85.739,0
114,1282,0.027476,0.095605,462.83,31.81,34,16,0.023712,0.012103,0.013174,0.0035059,0.0036686,0.00253,0.036111,0.024708,0.083235,0.11889,0.11001,0.1329,0.11047,0.20073,0.0098205,0.057193,0.0084933,0.12343,0.26619,0.046702,0.55252,0.017006,0.17612,0.06991,0.18015,0.028828,0.443,0.6654,0.27133,0.36267,0.22801,0.49176,34.671,24.221,14.155,23.507,7.5593,183.26,18.457,44.289,17.235,29.513,84.179,17.271,8.8323,23.534,25.72,91.752,0
218,1443,0.67624,0.02212,186.91,176.7,20,2,0.003165,0.014202,0.11324,0.070791,0,0,0.063757,0.056182,0.013674,0.029222,0.10915,0.084605,0.075878,0.091502,0.0065099,0.059922,0.068107,0.16844,0.48244,0.32655,0,0,0.17168,0.14322,0.0043676,0.2012,1.0173,0.16565,0.1792,0.44572,0.096719,0.65334,11.888,13.875,10.066,3.5499,0,0,25.71,35.628,8.2804,35.881,38.81,11.841,8.3472,38.773,2.9692,0.12894,0
28,1854,0.77997,0.073266,310.28,5.6416,33,9,0.027743,0.03981,0.092115,0.13638,0,0,0.15009,0.0051576,0.053135,0.0457,0.11001,0.15438,0.0652,0.10333,0.012447,0.018838,0.80154,0.039248,0.54339,0.14866,0,0,0.22083,0.085614,0.51515,0.11176,0.443,0.41654,0.27695,0.37716,0.21126,0.42196,44.947,32.462,66.051,10.101,0,0,8.2241,13.289,6.569,4.8909,84.179,83.354,17.342,27.839,40.494,40.581,0
38,1672,0.95969,0.024982,262.87,150.46,77,18,0,0.0033781,0.00083059,0.032539,0.033294,0.012485,0.074736,0.018663,0.088109,0.015766,0.04247,0.11955,0.083486,0.013523,0.086945,0.048191,0,0.011352,0.38116,0.35125,0.24031,0.030413,0.29876,0.012018,0.014621,0.12453,0.33773,0.032407,0.14371,0.031273,0.14621,0.37468,0,3.6714,15.35,15.697,92.977,190.57,6.7172,13.626,4.6524,14.408,39.806,13.368,18.142,2.0598,24.271,47.204,0
50,1694,1.3392,0.18211,457.88,131.91,112,6,0.011244,0.01199,0.074095,0.072854,0.033294,0.012485,0.10267,0.067479,0.037949,0.0939,0.060962,0.081781,0.097748,0.10299,0.049269,0.034452,0.82517,0.10749,0.24059,0.055844,0.24031,0.030413,0.10692,0.019689,0.39369,0.26547,0.43966,0.37132,0.026534,0.40136,0.30864,1.0185,19.97,13.876,17.854,16.599,92.977,190.57,5.3284,72.363,22.375,15.827,102.65,109.5,24.566,19.634,149.44,15.718,0
71,1330,1.0553,0.12389,468.91,166.61,108,8,0.0094933,0.020541,5.2412e-05,0.045477,0.033294,0.012485,0.078094,0.080589,0.097058,0.11023,0.060962,0.081711,0.09388,0.068692,0.049269,0.029158,0.87622,0.021722,0.46534,0.057757,0.24031,0.030413,0.01449,0.037407,0.3778,0.16106,0.43966,0.033266,0.064741,0.36575,0.30864,0.99905,19.704,47.888,17.373,3.9907,92.977,190.57,1.5263,51.321,8.9238,31.562,102.65,32.762,46.201,10.261,149.44,62.918,0
27,1853,0.67584,0.079667,398.13,200.21,90,100,0.011689,0.011899,0.075575,0.034957,0.033294,0.012485,0.096211,0.04288,0.057808,0.12535,0.060962,0.081781,0.15006,0.11442,0.049269,0.031352,0.79422,0.0012238,0.1918,0.11453,0.24031,0.030413,0.00032704,0.10503,0.21091,0.15735,0.43966,0.37132,0.10455,0.3476,0.30864,0.97859,20.643,31.124,13.138,2.8669,92.977,190.57,7.9754,37.997,1.5712,21.472,102.65,109.5,39.909,14.012,149.44,28.832,0
38,1724,1.0885,0.15422,525.24,228.93,89,64,0,0.0033355,0.1769,0.054134,0.033294,0.012485,0.051356,0.0068961,0.010919,0.092896,0.060962,0.081781,0.15286,0.14455,0.049269,0.033222,0,0.067408,0.096179,0.021676,0.24031,0.030413,0.060357,0.14504,0.45685,0.013527,0.43966,0.37132,0.14507,0.38945,0.30864,0.93672,0,0.027304,22.956,20.913,92.977,190.57,0.048693,10.544,23.232,33.249,102.65,109.5,47.466,7.8122,149.44,9.1489,0
147,1855,1.2851,0.142,676.17,74.401,109,1,0.01924,0.026922,0.051843,0.0022848,0.033294,0.012485,0.071187,0.11048,0.13602,0.097537,0.060962,0.032938,0.11276,0.061158,0.031425,0.027796,0.82973,0.076297,0.27997,0.055262,0.24031,0.030413,0.23277,0.18347,0.18538,0.068032,0.43966,0.42589,0.045975,0.34626,0.10688,0.27507,35.651,36.813,1.4494,9.7702,92.977,190.57,12.81,57.354,14.43,24.762,102.65,3.4301,35.457,21.216,18.825,29.554,0
38,1377,1.0889,0.095426,375.41,100.44,95,32,0.010411,0.012409,0.0096739,0.011335,0.033294,0.012485,0.036007,0.029239,0.095821,0.13945,0.060962,0.061651,0.17086,0.12765,0.03828,0.03201,0.69376,0.14587,0.7036,0.051325,0.24031,0.030413,0.081239,0.067891,0.25615,0.26013,0.43966,0.49849,0.069543,0.35454,0.014879,0.99899,21.981,16.628,8.2076,10.143,92.977,190.57,9.2747,77.804,19.952,27.874,102.65,30.365,30.158,34.039,24.593,11.37,0
158,1462,0.57443,0.099583,502.66,161.19,109,29,0,0.0024743,0.049141,0.034555,0.033294,0.012485,0.024627,0.036504,0.037362,0.16613,0.060962,0.081781,0.16957,0.082578,0.049269,0.034084,0,0.045799,0.0616,0.0046704,0.24031,0.030413,0.084269,0.020347,0.40633,0.1114,0.43966,0.37132,0.053502,0.41172,0.30864,1.0335,0,15.655,20.701,13.294,92.977,190.57,11.115,58.043,15.387,41.601,102.65,109.5,51.017,8.4334,149.44,52.562,0
36,1674,0.58324,0.045058,380.99,39.914,90,3,0.0059336,0.0013408,0.022273,0.052205,0.033294,0.012485,0.094461,0.10379,0.13889,0.11423,0.047211,0.022002,0.021634,0.0034002,0.0042186,0.034514,0.74266,0.019429,0.55414,0.030591,0.24031,0.030413,0.072607,0.22212,0.011484,0.28837,0.30671,0.26796,0.17043,0.14372,0.094134,1.0505,9.9148,14.817,20.492,13.812,92.977,190.57,7.5938,63.965,28.234,22.158,12.888,11.049,47.43,39.159,7.7734,44.525,0
239,1540,0.56741,0.097868,363.07,187.56,109,21,0.0083456,0.016671,0.0029583,0.095526,0.033294,0.012485,0.10761,0.13588,0.097865,0.1192,0.060962,0.081781,0.087668,0.034381,0.049269,0.029233,0.86322,0.090969,0.43539,0.122,0.24031,0.030413,0.13256,0.23418,0.26808,0.30964,0.43966,0.37132,0.077224,0.13549,0.30864,1.0053,11.94,33.315,29.024,6.5401,92.977,190.57,10.649,70.799,5.7256,26.617,102.65,109.5,55.568,45.14,149.44,128.73,0
87,1822,1.0396,0.15425,423.03,181.04,95,21,0,0.0064641,0.13413,0.12411,0.033294,0.012485,0.047657,0.027837,0.0037871,0.09365,0.060962,0.081781,0.16274,0.17717,0.049269,0.03296,0,0.05149,0.037783,0.042758,0.24031,0.030413,0.072247,0.16882,0.62186,0.023118,0.43966,0.37132,0.080283,0.45427,0.30864,1.0055,0,15.135,14.835,9.3027,92.977,190.57,14.046,5.9466,30.537,18.448,102.65,109.5,43.883,17.157,149.44,39.266,0
115,2087,0.86077,0.1331,506.33,111.45,88,55,0.026705,0.021717,0.10884,0.069143,0.013785,0.012485,0.11106,0.041526,0.001172,0.12387,0.060962,0.081781,0.1072,0.12984,0.019683,0.0015406,0.73874,0.010174,0.11501,0.027274,0.15631,0.030413,0.027919,0.12205,0.61722,0.21196,0.43966,0.37132,0.076318,0.4935,0.73512,0.67738,42.671,39.964,36.96,13.217,72.699,190.57,5.5948,37.536,34.851,30.373,102.65,109.5,38.988,42.886,71.731,107.26,0
15,1615,0.99055,0.1521,512.76,36.166,109,6,0,0.01154,0.011974,0.040441,0.033294,0.012485,0.078287,0.10287,0.083094,0.12895,0.060962,0.081781,0.15274,0.075022,0.049269,0.034853,0,0.020038,0.38663,0.17208,0.24031,0.030413,0.28576,0.2842,0.087039,0.31128,0.43966,0.37132,0.050193,0.47669,0.30864,1.0317,0,20.227,33.832,7.7985,92.977,190.57,8.3983,69.527,8.2183,36.347,102.65,109.5,37.482,6.31,149.44,27.273,0
188,727,1.2847,0.20572,377.21,160.36,108,18,0,0.0039156,0.019543,0.026159,0.033294,0.012485,0.04971,0.052281,0.036296,0.098427,0.060962,0.081781,0.11052,0.059934,0.049269,0.035343,0,0.10696,1.1218,0.0089485,0.24031,0.030413,0.082043,0.0078487,0.52763,0.067811,0.43966,0.37132,0.11423,0.49046,0.30864,1.0495,0,26.209,1.0961,1.8257,92.977,190.57,0.24639,63.859,6.4308,45.641,102.65,109.5,47.895,5.9715,149.44,105.64,0
53,1385,1.0416,0.16906,530.85,212.88,111,35,0.0044076,0.0047731,0.1892,0.11886,0.033294,0.012485,0.056299,0.003641,0.027537,0.091937,0.060962,0.081781,0.11316,0.065116,0.049269,0.034273,0.81482,0.028593,0.10329,0.066809,0.24031,0.030413,0.042856,0.12891,0.54948,0.17743,0.43966,0.37132,0.12264,0.41693,0.30864,1.0102,6.9459,6.6789,23.558,1.5805,92.977,190.57,28.215,18.656,25.484,26.781,102.65,109.5,88.348,5.035,149.44,63.365,0
17,1845,0.84869,0.13583,518.5,160.02,106,28,0.012238,0.03053,0.11094,0.10285,0.033294,0.012485,0.12652,0.047462,0.0050597,0.023525,0.058208,0.013602,0.099606,0.15653,0.01885,0.034177,0.75221,0.082864,0.047852,0.12985,0.24031,0.030413,0.064114,0.14366,0.18644,0.099423,1.0436,0.28697,0.16748,0.43445,0.10913,0.83204,24.203,54.594,25.422,8.1664,92.977,190.57,4.9608,75.463,35.63,42.846,35.248,12.532,20.03,14.112,10.115,29.308,0
202,3371,0.83792,0.091903,749.11,229.74,104,21,0.043506,0.0037338,0.18688,0.10414,0.033294,0.012485,0.13639,0.018518,0.070456,0.091532,0.060962,0.013599,0.11906,0.12349,0.030479,0.011793,0.63074,0.11401,0.12569,0.0056752,0.24031,0.030413,0.09347,0.078704,0.30031,0.032258,0.43966,0.28759,0.14667,0.27346,0.13173,0.80692,56.303,8.2973,29.261,12.583,92.977,190.57,27.034,33.243,28.28,23.044,102.65,8.6067,45.825,4.2649,41.021,113.85,0
130,2015,0.86957,0.091442,603.06,5.0873,110,19,0.0040305,0.015391,0.0063229,0.0017915,0.029626,0.0099554,0.072199,0.03154,0.12456,0.15907,0.060962,0.060309,0.15113,0.20748,0.023497,0.023112,0.81004,0.026193,0.75618,0.072675,0.31221,0.013408,0.37146,0.12118,0.08043,0.28739,0.43966,0.71062,0.013742,0.34729,0.33695,0.78487,10.275,38.631,13.673,7.6299,85.418,7.3095,5.896,60.941,6.2844,45.063,102.65,43.418,46.953,26.16,40.57,119.86,0
202,2176,0.16586,0.017957,327.13,149.97,96,1,0.024578,0.013292,0.13274,0.069076,0.033294,0.012485,0.099845,0.063014,0.027648,0.010951,0.060106,0.01201,0.11654,0.098256,0.026808,0.025841,0.73344,0.01882,0.0075496,0.20718,0.24031,0.030413,0.023656,0.091952,0.095349,0.11501,1.0206,0.21087,0.078387,0.43034,0.012226,0.94645,33.059,28.285,10.548,19.427,92.977,190.57,13.149,52.28,31.8,20.331,57.28,14.306,29.773,41.399,17.819,28.242,0
12,2587,0.062121,0.069104,450.51,21.081,109,6,0,0.012316,0.11161,0.13466,0.033294,0.012485,0.18618,0.01199,0.011813,0.085872,0.060962,0.081781,0.10586,0.11009,0.020871,0.052918,0,0.11038,0.053393,0.029288,0.24031,0.030413,0.025492,0.034347,0.41543,0.20445,0.43966,0.37132,0.01936,0.36178,0.3202,0.71507,0,18.052,66.532,5.7764,92.977,190.57,4.3367,3.3626,30.089,20.441,102.65,109.5,55.463,30.465,55.344,68.694,0
40,1651,0.73939,0.062158,122.21,10.332,6,25,0,0.011824,0.0086499,0.013675,0.0069094,0,0.048022,0.019014,0.087425,0.031826,0.016289,0.068926,0.10228,0.0053993,0.052554,0.059896,0,0.10425,0.24017,0.28486,0.0067409,0,0.22019,0.04468,0.15751,0.032082,0.44188,0.11325,0.11386,0.022868,0.18445,0.47,0,6.8093,16.266,7.5874,133.32,0,39.073,51.995,45.371,9.4834,29.614,2.9216,9.2833,1.3731,44.386,50.274,0
48,1673,1.1189,0.21929,317.21,272.04,41,13,0.011244,0.0035447,0.064614,0.05399,0.0069094,0,0.075952,0.06783,0.037265,0.14149,0.11972,0.1324,0.11654,0.094871,0.08366,0.022747,0.82517,0.0081176,0.099592,0.010542,0.0067409,0,0.02834,0.076387,0.53657,0.17303,0.3355,0.29048,0.23104,0.40976,0.27041,1.1138,19.97,10.738,16.937,8.4894,133.32,0,37.684,110.73,63.094,10.903,92.457,99.054,15.707,18.947,169.55,18.788,0
73,1309,0.83497,0.16107,328.24,306.74,37,15,0.0094933,0.012096,0.0095329,0.026613,0.0069094,0,0.05138,0.080939,0.096375,0.15782,0.11972,0.13233,0.11267,0.060568,0.08366,0.017453,0.87622,0.093884,0.32435,0.12414,0.0067409,0,0.064088,0.094105,0.52068,0.068616,0.3355,0.11411,0.19283,0.37415,0.27041,1.0944,19.704,44.75,18.289,4.1185,133.32,0,33.882,89.691,49.643,26.637,92.457,43.208,37.343,9.5747,169.55,65.988,0
25,1832,0.45554,0.11684,257.46,340.34,19,107,0.011689,0.0034532,0.066094,0.016093,0.0069094,0,0.069497,0.043231,0.057124,0.17294,0.11972,0.1324,0.16885,0.1063,0.08366,0.019647,0.79422,0.11683,0.050802,0.18092,0.0067409,0,0.078251,0.16173,0.35379,0.064906,0.3355,0.29048,0.15302,0.356,0.27041,1.0739,20.643,27.986,14.054,5.2423,133.32,0,40.331,76.367,39.148,16.547,92.457,99.054,31.051,13.325,169.55,31.902,0
36,1703,0.86822,0.1914,384.58,369.06,18,71,0,0.011781,0.16742,0.03527,0.0069094,0,0.024642,0.0065455,0.011602,0.14049,0.11972,0.1324,0.17165,0.13643,0.08366,0.021517,0,0.048198,0.044814,0.088062,0.0067409,0,0.13893,0.20174,0.59974,0.10597,0.3355,0.29048,0.40264,0.39785,0.27041,1.032,0,3.1653,22.039,12.804,133.32,0,32.404,48.913,63.951,28.324,92.457,99.054,38.608,7.1255,169.55,6.0786,0
145,1834,1.0648,0.17917,535.51,214.53,38,8,0.01924,0.018477,0.042363,0.016579,0.0069094,0,0.044473,0.11083,0.13534,0.14513,0.11972,0.08356,0.13155,0.053035,0.065817,0.016091,0.82973,0.039309,0.13898,0.011124,0.0067409,0,0.15419,0.12677,0.32827,0.024413,0.3355,0.50673,0.2116,0.35466,0.14512,0.37039,35.651,33.675,2.3655,1.661,133.32,0,45.166,95.723,55.149,19.838,92.457,7.016,26.599,20.529,1.2904,26.483,0
40,1356,0.86857,0.1326,234.74,240.58,24,39,0.010411,0.0039632,0.00019343,0.0075289,0.0069094,0,0.0092936,0.029589,0.095138,0.18705,0.11972,0.11227,0.18965,0.11953,0.072671,0.020305,0.69376,0.030266,0.5626,0.015061,0.0067409,0,0.0026616,0.12459,0.39904,0.16768,0.3355,0.57933,0.18803,0.36295,0.053117,1.0943,21.981,13.49,9.1236,2.0337,133.32,0,41.63,116.17,60.671,22.95,92.457,19.919,21.3,33.352,4.4775,14.44,0
160,1441,0.35413,0.13676,362,301.33,38,36,0,0.0059712,0.039661,0.015691,0.0069094,0,0.0020871,0.036855,0.036678,0.21372,0.11972,0.1324,0.18836,0.074454,0.08366,0.022379,0,0.069807,0.20259,0.061716,0.0067409,0,0.0056912,0.077045,0.54921,0.018957,0.3355,0.29048,0.31107,0.42013,0.27041,1.1288,0,12.517,19.784,21.403,133.32,0,21.241,96.413,25.332,36.677,92.457,99.054,42.158,7.7467,169.55,55.632,0
38,1653,0.36293,0.082234,240.33,180.05,19,10,0.0059336,0.0071047,0.012792,0.033341,0.0069094,0,0.067747,0.10414,0.13821,0.16183,0.10597,0.072624,0.040424,0.011524,0.030173,0.022809,0.74266,0.096177,0.41315,0.096977,0.0067409,0,0.0059704,0.16542,0.15437,0.19592,0.41087,0.3488,0.087138,0.15212,0.13237,1.1458,9.9148,11.679,21.408,5.7033,133.32,0,39.949,102.33,68.953,17.234,2.6966,0.60265,38.572,39.845,27.889,47.596,0
241,1519,0.3471,0.13504,222.41,327.69,38,14,0.0083456,0.0082252,0.012439,0.076662,0.0069094,0,0.080898,0.13623,0.097182,0.16679,0.11972,0.1324,0.10646,0.042504,0.08366,0.017528,0.86322,0.20658,0.2944,0.18839,0.0067409,0,0.053982,0.17748,0.41097,0.21719,0.3355,0.29048,0.18035,0.1439,0.27041,1.1006,11.94,30.177,29.94,1.5691,133.32,0,43.005,109.17,46.445,21.693,92.457,99.054,46.71,45.826,169.55,131.8,0
89,1801,0.81931,0.19143,282.36,321.17,24,28,0,0.01491,0.12465,0.10525,0.0069094,0,0.020944,0.027486,0.0044707,0.14124,0.11972,0.1324,0.18153,0.16905,0.08366,0.021255,0,0.1671,0.17878,0.10914,0.0067409,0,0.15082,0.22551,0.76475,0.069327,0.3355,0.29048,0.33785,0.46267,0.27041,1.1009,0,11.997,13.919,1.1935,133.32,0,18.309,32.423,71.256,13.524,92.457,99.054,35.024,16.47,169.55,42.336,0
113,2066,0.64047,0.17028,365.67,251.58,17,62,0.026705,0.013271,0.099362,0.050279,0.0126,0,0.084349,0.041877,0.00048833,0.17146,0.11972,0.1324,0.12599,0.12172,0.054074,0.010164,0.73874,0.10543,0.025982,0.039112,0.077254,0,0.1065,0.17875,0.76011,0.11951,0.3355,0.29048,0.33389,0.5019,0.77336,0.7727,42.671,36.826,36.044,5.1079,32.361,0,37.95,75.905,75.57,25.449,92.457,99.054,30.13,42.199,91.847,110.33,0
17,1594,0.77024,0.18927,372.1,176.3,38,1,0,0.0030945,0.021455,0.021577,0.0069094,0,0.051574,0.10322,0.082411,0.17654,0.11972,0.1324,0.17153,0.066899,0.08366,0.023148,0,0.095567,0.24564,0.10569,0.0067409,0,0.20718,0.22751,0.22993,0.21884,0.3355,0.29048,0.30776,0.4851,0.27041,1.127,0,17.089,34.748,0.31063,133.32,0,23.957,107.9,48.937,31.423,92.457,99.054,28.623,5.6233,169.55,30.343,0
190,706,1.0644,0.2429,236.55,300.49,37,11,0,0.0045299,0.029024,0.0072952,0.0069094,0,0.022997,0.052631,0.035612,0.14602,0.11972,0.1324,0.12931,0.05181,0.08366,0.023638,0,0.0086487,0.98081,0.075334,0.0067409,0,0.0034658,0.04885,0.67052,0.024634,0.3355,0.29048,0.3718,0.49887,0.27041,1.1448,0,23.071,0.18007,9.9348,133.32,0,32.109,102.23,34.288,40.717,92.457,99.054,39.036,5.2848,169.55,108.71,0
55,1364,0.82133,0.20624,390.18,353.01,40,42,0.0044076,0.013219,0.17972,0.099992,0.0069094,0,0.029585,0.0032905,0.02822,0.13953,0.11972,0.1324,0.13195,0.056993,0.08366,0.022568,0.81482,0.087013,0.037705,0.13319,0.0067409,0,0.035722,0.1856,0.69237,0.26988,0.3355,0.29048,0.38021,0.42533,0.27041,1.1055,6.9459,3.541,22.642,6.5286,133.32,0,4.1403,19.713,66.202,21.857,92.457,99.054,79.489,5.7217,169.55,66.436,0
19,1824,0.62838,0.173,377.83,300.16,35,35,0.012238,0.022085,0.10146,0.08399,0.0069094,0,0.099805,0.047812,0.0043761,0.024067,0.11697,0.064224,0.1184,0.14841,0.053242,0.022472,0.75221,0.19847,0.093141,0.19624,0.0067409,0,0.014463,0.086961,0.32932,0.19187,1.1478,0.36781,0.42505,0.44285,0.14736,0.92737,24.203,51.456,24.506,0.057289,133.32,0,27.395,113.83,76.349,37.922,25.057,22.978,11.172,13.426,10,26.238,0
200,3350,0.61762,0.12908,608.44,89.61,33,28,0.043506,0.0047118,0.1774,0.085279,0.0069094,0,0.10967,0.018869,0.069773,0.13912,0.11972,0.064221,0.13785,0.11537,0.0039128,0.023498,0.63074,0.0015937,0.015308,0.072061,0.0067409,0,0.014893,0.1354,0.44319,0.1247,0.3355,0.36843,0.40424,0.28186,0.16997,0.90225,56.303,5.1593,28.345,4.474,133.32,0,5.3214,71.612,68.999,18.12,92.457,1.8394,36.967,3.5782,61.136,116.92,0
128,1994,0.64927,0.12862,462.39,145.22,39,26,0.0040305,0.0069451,0.0031575,0.017072,0.0032409,0.00253,0.045485,0.031891,0.12387,0.20666,0.11972,0.11093,0.16992,0.19936,0.010894,0.011407,0.81004,0.089413,0.61519,0.0062891,0.54578,0.017006,0.29288,0.064479,0.22332,0.19494,0.3355,0.79146,0.27131,0.35569,0.37519,0.88019,10.275,35.493,14.589,15.739,125.76,183.26,38.251,99.31,47.003,40.139,92.457,32.972,38.094,25.473,60.685,122.94,0
204,2155,0.054449,0.055133,186.47,290.11,25,8,0.024578,0.004846,0.12326,0.050212,0.0069094,0,0.073131,0.063364,0.026964,0.058543,0.11887,0.062632,0.13533,0.090133,0.0075836,0.014136,0.73344,0.13443,0.13344,0.27356,0.0067409,0,0.054922,0.14865,0.047538,0.022566,1.1248,0.29171,0.17918,0.43874,0.050464,1.0418,33.059,25.147,9.6318,11.318,133.32,0,45.504,90.65,72.519,25.256,47.088,3.86,20.915,40.712,37.934,31.312,0
14,2566,0.15818,0.10628,309.84,119.05,38,1,0,0.020762,0.10213,0.1158,0.0069094,0,0.15947,0.01234,0.012496,0.13346,0.11972,0.1324,0.12465,0.10196,0.01352,0.064623,0,0.0052304,0.19439,0.095673,0.0067409,0,0.10407,0.091045,0.55832,0.112,0.3355,0.29048,0.27693,0.37019,0.35844,0.81039,0,21.19,65.616,2.3328,133.32,0,28.019,41.732,70.808,15.516,92.457,99.054,46.604,29.778,75.459,71.764,0
78,1450,0.15123,0.050857,64.217,211.01,11,23,0.00068353,0.0024725,0.011116,0.021266,0,0,0.037196,0.010133,0.0047511,0.021126,0.095148,0.15249,0.040486,0.011953,0.11364,0.05977,1.4924,0.0053601,0.093613,0.14176,0,0,0.13643,0.0092079,0.026129,0.041003,0.5443,0.17414,0.17152,0.20363,0.074599,0.53903,13.741,16.036,8.915,3.4529,0,0,7.972,26.598,0.85709,13.28,0.14191,15.834,8.3208,11.445,28.171,48.837,0
10,1472,0.53076,0.10627,259.22,71.366,24,11,0.01056,0.012896,0.08438,0.061582,0,0,0.065126,0.058949,0.045409,0.08854,0.008283,0.048835,0.054748,0.077519,0.022571,0.022872,0.66727,0.090776,0.046961,0.15365,0,0,0.055416,0.040915,0.40519,0.099944,1.3217,0.57787,0.054344,0.229,0.38026,1.1829,6.2286,1.5116,24.289,4.3549,0,0,6.5832,32.139,16.865,11.86,62.984,111.97,1.8969,6.1296,153.34,17.351,0
111,1108,0.24681,0.048055,270.25,106.06,20,13,0.0088098,0.021447,0.010233,0.034205,0,0,0.040553,0.072058,0.0137,0.10487,0.008283,0.048765,0.05088,0.043216,0.022571,0.017579,0.61622,0.0050102,0.17779,0.26725,0,0,0.14784,0.058633,0.38931,0.0044683,1.3217,0.17328,0.092551,0.19339,0.38026,1.1634,5.9633,35.523,10.937,8.253,0,0,2.7812,11.097,3.4144,3.8744,62.984,30.295,19.739,3.2429,153.34,64.551,0
13,1631,0.13262,0.0038285,199.47,139.67,2,105,0.011005,0.012804,0.08586,0.023684,0,0,0.058671,0.03435,0.02555,0.11999,0.008283,0.048835,0.10706,0.088944,0.022571,0.019773,0.69822,0.017936,0.095751,0.32403,0,0,0.16201,0.12625,0.22242,0.0081788,1.3217,0.57787,0.13236,0.17524,0.38026,1.1429,6.9014,18.759,6.7031,9.3768,0,0,9.2302,2.2267,7.0807,6.2155,62.984,111.97,13.447,0.50767,153.34,30.465,0
2,1502,0.28005,0.078385,326.59,168.39,1,69,0.00068353,0.0024298,0.18719,0.042861,0,0,0.013816,0.015426,0.094277,0.087536,0.008283,0.048835,0.10985,0.11907,0.022571,0.021643,1.4924,0.050696,0.19137,0.23117,0,0,0.22269,0.16627,0.46836,0.17906,1.3217,0.57787,0.11726,0.21709,0.38026,1.1011,13.741,12.392,29.391,8.6694,0,0,1.3035,29.68,17.723,5.5614,62.984,111.97,21.004,5.6922,153.34,7.5159,0
107,1633,0.4766,0.066156,477.52,13.856,21,6,0.018556,0.027828,0.062129,0.0089879,0,0,0.033647,0.10195,0.052663,0.092177,0.008283,7.7791e-06,0.069763,0.035683,0.0047275,0.016217,0.66271,0.059585,0.0075734,0.15423,0,0,0.070438,0.16224,0.19689,0.097498,1.3217,0.21934,0.073785,0.1739,0.035272,0.43942,21.91,24.448,4.9857,2.4735,0,0,14.065,17.13,8.9206,2.9249,62.984,5.8968,8.9946,7.7112,14.925,27.921,0
78,1155,0.2804,0.019587,176.75,39.899,7,37,0.0097275,0.013314,0.019959,6.2401e-05,0,0,0.0015328,0.020708,0.012463,0.13409,0.008283,0.028705,0.12786,0.10218,0.011582,0.02043,0.79868,0.12916,0.41605,0.15817,0,0,0.081094,0.089117,0.26766,0.094599,1.3217,0.29195,0.097353,0.18218,0.056733,1.1633,8.2395,4.263,1.7725,2.1008,0,0,10.53,37.58,14.442,0.1873,62.984,32.832,3.6956,20.535,20.693,13.003,0
198,1240,0.23404,0.023745,304,100.65,21,34,0.00068353,0.00338,0.059427,0.023282,0,0,0.012913,0.027974,0.045996,0.16077,0.008283,0.048835,0.12657,0.057102,0.022571,0.022505,1.4924,0.029087,0.34915,0.20482,0,0,0.078065,0.041573,0.41783,0.054127,1.3217,0.57787,0.025692,0.23936,0.38026,1.1979,13.741,3.2905,27.136,25.538,0,0,9.8597,17.819,20.897,13.914,62.984,111.97,24.554,5.071,153.34,54.195,0
76,1452,0.22523,0.030781,182.34,20.63,2,8,0.0052501,0.0022465,0.032558,0.040932,0,0,0.056921,0.095255,0.055534,0.10887,0.005468,0.010943,0.021366,0.028876,0.030917,0.022935,0.74978,0.0027168,0.26659,0.24008,0,0,0.089726,0.20089,0.022992,0.12284,0.57531,0.061416,0.19824,0.028638,0.022522,1.2148,3.8263,2.4525,14.057,1.5688,0,0,8.8487,23.742,22.724,5.5292,26.776,13.515,20.968,52.663,11.673,46.158,0
279,1318,0.24106,0.022029,164.42,127.02,21,16,0.0076621,0.017576,0.0073271,0.084254,0,0,0.070071,0.12735,0.014507,0.11384,0.008283,0.048835,0.044668,0.059857,0.022571,0.017654,0.62922,0.10768,0.14785,0.33149,0,0,0.029774,0.21296,0.27959,0.14411,1.3217,0.57787,0.10503,0.036863,0.38026,1.1696,1.8011,20.95,22.589,5.7036,0,0,11.904,30.575,0.2161,1.0696,62.984,111.97,29.106,58.644,153.34,130.37,0
127,1600,0.23114,0.078411,224.37,120.5,7,26,0.00068353,0.0055585,0.14441,0.11284,0,0,0.010117,0.036367,0.087145,0.08829,0.008283,0.048835,0.11974,0.1517,0.022571,0.021381,1.4924,0.068202,0.32533,0.25225,0,0,0.23458,0.19004,0.63337,0.14241,1.3217,0.57787,0.052473,0.28191,0.38026,1.1699,13.741,2.7705,21.27,2.941,0,0,12.792,46.17,25.027,9.2392,62.984,111.97,17.42,3.6522,153.34,40.899,0
75,1865,0.052305,0.057265,307.68,50.908,0,60,0.026021,0.022622,0.11913,0.05787,0.019509,0,0.073523,0.032996,0.082186,0.11851,0.008283,0.048835,0.064204,0.10437,0.0070151,0.010039,0.7537,0.0065382,0.17253,0.18222,0.083995,0,0.19025,0.14328,0.62873,0.046426,1.3217,0.57787,0.048508,0.32114,0.66351,0.84173,28.93,27.599,43.395,0.97334,165.68,0,6.8497,2.688,29.342,2.6863,62.984,111.97,12.525,29.382,75.631,108.89,0
55,1393,0.18208,0.076259,314.11,24.378,21,1,0.00068353,0.012446,0.001689,0.029168,0,0,0.040747,0.094343,0.00026365,0.12359,0.008283,0.048835,0.10974,0.049547,0.022571,0.023274,1.4924,0.0033265,0.099083,0.037413,0,0,0.12342,0.26298,0.098547,0.14575,1.3217,0.57787,0.022383,0.30434,0.38026,1.196,13.741,7.8621,27.397,4.4451,0,0,7.1434,29.303,2.7089,8.6598,62.984,111.97,11.019,7.1944,153.34,28.906,0
228,505,0.47619,0.12989,178.56,99.813,20,13,0.00068353,0.0048213,0.0092578,0.014887,0,0,0.01217,0.04375,0.047062,0.093068,0.008283,0.048835,0.067523,0.034458,0.022571,0.023764,1.4924,0.090245,0.83425,0.21844,0,0,0.08029,0.013378,0.53914,0.097719,1.3217,0.57787,0.086419,0.31811,0.38026,1.2138,13.741,13.844,7.5312,14.069,0,0,1.0084,23.635,11.94,17.954,62.984,111.97,21.432,7.5329,153.34,107.27,0
93,1163,0.23317,0.093222,332.19,152.34,23,40,0.0037241,0.0038674,0.19949,0.10758,0,0,0.018759,0.012171,0.11089,0.086578,0.008283,0.048835,0.070162,0.03964,0.022571,0.022693,0.67762,0.011881,0.18426,0.2763,0,0,0.11948,0.15013,0.56099,0.34296,1.3217,0.57787,0.094833,0.24457,0.38026,1.1745,6.7952,5.6857,29.993,10.663,0,0,26.96,58.88,19.974,0.90597,62.984,111.97,61.885,18.539,153.34,64.998,0
57,1623,0.040218,0.059989,319.84,99.48,18,33,0.011555,0.031436,0.12123,0.091582,0,0,0.088978,0.038932,0.078298,0.028885,0.0055298,0.019343,0.056606,0.13105,0.0078479,0.022598,0.74023,0.099576,0.23969,0.33935,0,0,0.098219,0.12243,0.19794,0.26495,0.16158,0.080424,0.13967,0.26209,0.037515,0.9964,10.461,42.229,31.857,4.0772,0,0,3.7059,35.239,30.121,15.159,4.4158,10.065,6.4322,0.60807,6.2153,27.675,0
162,3149,0.029454,0.016064,550.45,290.29,16,26,0.042823,0.0046394,0.19717,0.09287,0,0,0.098846,0.0099881,0.012902,0.086172,0.008283,0.019347,0.076059,0.098016,0.057177,0.023372,0.8617,0.0973,0.16186,0.21517,0,0,0.068863,0.099931,0.31182,0.19779,1.3217,0.081039,0.11886,0.1011,0.060119,0.97127,42.562,4.0673,35.696,0.33945,0,0,25.779,6.981,22.77,4.643,62.984,11.073,19.363,9.2394,44.92,115.48,0
90,1793,0.061101,0.015603,404.4,55.457,22,24,0.003347,0.016296,0.016608,0.0094811,0.0036686,0.00253,0.034659,0.02301,0.041199,0.15371,0.008283,0.027363,0.10813,0.182,0.050195,0.011533,0.68241,0.009481,0.46864,0.13682,0.55252,0.017006,0.20913,0.099951,0.091938,0.12186,1.3217,0.50407,0.014068,0.17493,0.26534,0.94922,3.4658,26.266,7.2379,19.874,7.5593,183.26,7.1508,20.717,0.77493,17.376,62.984,45.885,20.49,12.656,44.469,121.5,0
242,1954,0.64261,0.057882,128.48,89.429,8,6,0.023894,0.014197,0.14303,0.057804,0,0,0.062305,0.054483,0.05571,0.005591,0.0074277,0.020935,0.073539,0.07278,0.053506,0.014262,0.75901,0.035532,0.28,0.41667,0,0,0.13868,0.11318,0.083841,0.050518,0.13858,0.0043255,0.1062,0.25798,0.059386,1.1108,19.318,15.92,16.983,7.1837,0,0,14.404,12.056,26.291,48.019,17.616,16.773,3.3107,27.895,21.718,29.875,0
52,2365,0.74635,0.006735,251.85,81.626,21,1,0.00068353,0.011411,0.1219,0.12339,0,0,0.14864,0.0034593,0.095171,0.080513,0.008283,0.048835,0.062861,0.08461,0.047569,0.064498,1.4924,0.093664,0.34094,0.23878,0,0,0.18783,0.055573,0.42694,0.03892,1.3217,0.57787,0.0084499,0.18943,0.24859,0.87942,13.741,30.417,72.968,6.4673,0,0,3.0819,36.861,24.579,7.2466,62.984,111.97,29,16.961,59.243,70.327,0
34,135,0.53693,0.073243,253.98,20.199,28,23,0,0.020595,0.052193,0.015275,0,0,0.0093383,0.02513,0.083165,0.094475,0.090306,0.088078,0.0062844,0.052524,0.020191,0.05914,0,0.016799,0.24803,0.21467,0,0,0.24651,0.098135,0.1248,0.40391,0.50995,0.25148,0.29593,0.069038,0.079819,0.26403,0,30.808,42.318,15.246,0,0,33.325,50.632,3.804,6.1271,23.115,9.5633,46.035,45.891,14.534,46.566,1
122,113,0.91647,0.23037,58.976,262.18,7,11,0.011244,0.0052271,0.021071,0.02504,0,0,0.037268,0.073946,0.13333,0.015192,0.013125,0.11325,0.020546,0.036948,0.1564,0.14178,0.82517,0.079338,0.10745,0.080736,0,0,0.054668,0.066428,0.50387,0.26296,1.2873,0.15225,0.41311,0.36359,0.37504,0.37981,19.97,13.26,9.1148,16.148,0,0,31.936,109.37,13.918,4.7077,39.727,105.7,39.611,63.465,110.63,78.052,1
1,477,0.63252,0.17216,47.945,296.87,3,13,0.0094933,0.0033242,0.053076,0.0023369,0,0,0.012696,0.087055,0.074215,0.031522,0.013125,0.11318,0.016678,0.0026455,0.1564,0.13649,0.87622,0.0064284,0.33221,0.19434,0,0,0.037759,0.04871,0.48798,0.36737,1.2873,0.25234,0.3749,0.32798,0.37504,0.36034,19.704,20.751,44.341,3.5399,0,0,28.134,88.327,0.46742,11.027,39.727,36.567,17.976,54.093,110.63,30.852,1
99,46,0.25308,0.12793,118.73,330.48,15,105,0.011689,0.0053186,0.022551,0.012858,0,0,0.030813,0.049347,0.11347,0.046642,0.013125,0.11325,0.072861,0.048374,0.1564,0.13868,0.79422,0.029374,0.058661,0.25111,0,0,0.051922,0.01891,0.32109,0.37108,1.2873,0.15225,0.33509,0.30983,0.37504,0.33988,20.643,3.987,40.107,2.4161,0,0,34.583,75.003,10.028,0.93689,39.727,105.7,24.268,57.843,110.63,64.938,1
110,83,0.66576,0.20249,8.3899,359.2,16,69,0,0.020553,0.12388,0.0063194,0,0,0.014042,0.00042919,0.18219,0.014187,0.013125,0.11325,0.075653,0.078502,0.1564,0.14055,0,0.039257,0.036955,0.15826,0,0,0.11261,0.058922,0.56703,0.54196,1.2873,0.15225,0.58472,0.35168,0.37504,0.29801,0,27.164,4.0128,20.462,0,0,26.657,47.549,14.776,12.714,39.727,105.7,16.711,51.644,110.63,102.92,1
219,48,0.8623,0.19026,159.32,204.67,4,6,0.01924,0.0097048,0.0011798,0.045529,0,0,0.005789,0.11694,0.035253,0.018829,0.013125,0.064407,0.035562,0.0048881,0.13856,0.13513,0.82973,0.048147,0.14684,0.081319,0,0,0.18052,0.26958,0.29556,0.4604,1.2873,0.64496,0.39367,0.30849,0.040493,0.36364,35.651,9.6763,28.418,9.3194,0,0,39.418,94.36,5.9737,4.2275,39.727,0.37431,28.72,65.047,57.63,123.32,1
34,430,0.66611,0.14369,141.44,230.71,10,37,0.010411,0.0048085,0.043349,0.036479,0,0,0.02939,0.035705,0.075453,0.060744,0.013125,0.09312,0.093655,0.061606,0.14542,0.13934,0.69376,0.11772,0.57046,0.085256,0,0,0.02899,0.018226,0.36633,0.2683,1.2873,0.71756,0.3701,0.31678,0.051512,0.36028,21.981,10.509,35.176,9.6921,0,0,35.883,114.81,11.495,7.3397,39.727,26.561,34.019,77.871,63.398,82.4,1
86,345,0.15167,0.14785,14.194,291.46,4,34,0,0.014743,0.0038821,0.013259,0,0,0.040771,0.042971,0.13391,0.087419,0.013125,0.11325,0.092366,0.016531,0.1564,0.14142,0,0.017649,0.19473,0.13191,0,0,0.03202,0.06577,0.51651,0.41703,1.2873,0.15225,0.49315,0.37396,0.37504,0.3948,0,11.481,6.2678,13.745,0,0,15.493,95.049,23.843,21.066,39.727,105.7,13.16,52.265,110.63,41.208,1
36,133,0.16048,0.09332,135.86,170.18,15,8,0.0059336,0.015876,0.03075,0.0043908,0,0,0.029063,0.11025,0.032382,0.035524,0.00062595,0.053472,0.055568,0.069447,0.10292,0.14185,0.74266,0.0087218,0.42101,0.16717,0,0,0.020358,0.30824,0.12166,0.24007,0.54096,0.48703,0.26921,0.10595,0.027742,0.41176,9.9148,12.319,47.461,13.362,0,0,34.202,100.97,19.777,1.6233,50.032,7.2444,16.747,4.6727,31.032,49.245,1
167,267,0.14465,0.14613,153.78,317.83,4,16,0.0083456,0.0005465,0.055982,0.047712,0,0,0.042214,0.14235,0.073409,0.040491,0.013125,0.11325,0.010467,0.10043,0.1564,0.13656,0.86322,0.11912,0.30226,0.25858,0,0,0.08031,0.3203,0.37826,0.21879,1.2873,0.15225,0.36242,0.097728,0.37504,0.36656,11.94,6.178,55.993,6.0893,0,0,37.257,107.81,2.7308,6.0828,39.727,105.7,8.6088,1.3083,110.63,34.963,1
15,15,0.61685,0.20251,93.826,311.31,10,26,0,0.023681,0.081106,0.076301,0,0,0.01774,0.02137,0.17506,0.014941,0.013125,0.11325,0.085534,0.11113,0.1564,0.14029,0,0.07964,0.17092,0.17934,0,0,0.1245,0.082699,0.73204,0.50532,1.2873,0.15225,0.51993,0.4165,0.37504,0.36682,0,12.001,12.134,8.8519,0,0,12.562,31.059,22.08,2.0868,39.727,105.7,20.294,60.988,110.63,54.504,1
187,280,0.43801,0.18137,10.52,241.72,17,60,0.026705,0.0044995,0.05582,0.021328,0.019509,0,0.045665,0.047993,0.1701,0.045163,0.013125,0.11325,0.030002,0.063795,0.12682,0.10887,0.73874,0.017977,0.018123,0.10931,0.083995,0,0.080168,0.035933,0.7274,0.31648,1.2873,0.15225,0.51596,0.45573,0.66873,0.038667,42.671,12.827,9.9919,12.766,165.68,0,32.203,74.542,26.395,9.8387,39.727,105.7,25.189,86.717,32.926,13.49,1
57,192,0.56779,0.20036,4.0902,166.43,4,1,0,0.0056773,0.064998,0.007373,0,0,0.01289,0.10934,0.088179,0.050238,0.013125,0.11325,0.075538,0.0089759,0.1564,0.14218,0,0.0081121,0.2535,0.035499,0,0,0.23351,0.37032,0.19722,0.21715,1.2873,0.15225,0.48984,0.43893,0.37504,0.39295,0,6.9098,60.8,7.3477,0,0,18.21,106.53,0.23808,15.812,39.727,105.7,26.695,50.141,110.63,66.497,1
116,1080,0.8619,0.25399,139.64,290.62,3,13,0,0.013302,0.072567,0.021655,0,0,0.015687,0.058747,0.13498,0.019719,0.013125,0.11325,0.033322,0.0061126,0.1564,0.14267,0,0.078807,0.98866,0.14553,0,0,0.029794,0.093966,0.63781,0.46062,1.2873,0.15225,0.55387,0.4527,0.37504,0.41076,0,0.92744,25.872,2.2765,0,0,26.362,100.86,14.887,25.106,39.727,105.7,16.282,49.803,110.63,11.867,1
19,422,0.61888,0.21732,13.996,343.15,6,40,0.0044076,0.02199,0.13618,0.071041,0,0,0.0090986,0.0028258,0.19881,0.013229,0.013125,0.11325,0.035961,0.00093044,0.1564,0.1416,0.81482,0.00044206,0.029846,0.20339,0,0,0.0093933,0.042788,0.65966,0.70587,1.2873,0.15225,0.56229,0.37916,0.37504,0.37146,6.9459,20.458,3.4101,1.1297,0,0,1.6071,18.35,17.027,6.2464,39.727,105.7,24.171,38.796,110.63,30.405,1
55,38,0.42593,0.18409,1.6438,290.29,1,33,0.012238,0.013313,0.057918,0.05504,0,0,0.061121,0.053929,0.16621,0.10223,0.010372,0.045071,0.022404,0.090483,0.12599,0.14151,0.75221,0.11101,0.085282,0.26643,0,0,0.011865,0.22978,0.29662,0.62786,0.19593,0.50604,0.60713,0.39668,0.042735,0.19333,24.203,27.457,1.5461,7.7157,0,0,21.647,112.47,27.174,22.311,27.672,16.336,44.147,57.944,48.92,123.08,1
274,1564,0.41516,0.14016,232.25,99.477,1,26,0.043506,0.013483,0.13386,0.056328,0,0,0.070988,0.024985,0.10082,0.012823,0.013125,0.045068,0.041858,0.057445,0.076658,0.095538,0.63074,0.085862,0.0074493,0.14226,0,0,0.041221,0.0074126,0.41049,0.56069,1.2873,0.50666,0.58631,0.23569,0.06534,0.16821,56.303,18.839,2.2928,12.132,0,0,0.42599,70.249,19.824,2.5094,39.727,4.8023,18.352,48.096,2.2153,20.082,1
202,208,0.44681,0.1397,86.203,135.35,5,24,0.0040305,0.0018267,0.0467,0.046023,0.0036686,0.00253,0.0068011,0.038007,0.046717,0.080359,0.013125,0.091778,0.073929,0.14143,0.083639,0.13044,0.81004,0.0019575,0.62305,0.063905,0.55252,0.017006,0.31921,0.20729,0.19061,0.24105,1.2873,0.92969,0.45339,0.30952,0.27056,0.14616,10.275,11.495,40.641,8.0806,7.5593,183.26,32.504,97.947,2.172,24.528,39.727,39.613,17.224,69.991,1.7644,26.095,1
130,369,0.2569,0.066219,189.72,280.24,9,6,0.024578,0.0039257,0.079719,0.021262,0,0,0.034447,0.069481,0.14363,0.067758,0.01227,0.04348,0.039338,0.03221,0.080328,0.13317,0.73344,0.046971,0.12559,0.34376,0,0,0.028593,0.0058353,0.014832,0.41342,0.17294,0.42994,0.36126,0.39257,0.054166,0.30774,33.059,1.1483,16.421,18.977,0,0,39.757,89.286,23.344,40.866,5.6408,10.502,34.404,85.23,20.987,65.528,1
60,780,0.36064,0.11737,66.345,109.18,4,1,0,0.029534,0.058589,0.086848,0,0,0.12078,0.018457,0.18309,0.0071638,0.013125,0.11325,0.02866,0.04404,0.086265,0.054413,0,0.082225,0.18653,0.16587,0,0,0.077742,0.05177,0.52561,0.32398,1.2873,0.15225,0.45901,0.32402,0.25381,0.076356,0,45.188,39.564,5.3256,0,0,22.271,40.368,21.632,0.094167,39.727,105.7,8.7144,74.296,16.538,25.076,1
123,263,0.27992,0.14899,488.42,145.43,36,21,0.012726,0.0087041,0.083585,0.066308,0,0,0.012452,0.011686,0.040794,0.095212,0.10337,0.20107,0.015213,0.14808,0.088829,0.079392,1.3487,0.10283,0.27423,0.2901,0,0,0.24664,0.1168,0.39701,0.0055955,0.64879,1.1342,0.28053,0.42374,0.27008,0.19886,31.694,28.843,53.831,15.192,0,0,7.7725,15.383,9.7171,12.733,132.1,15.073,23.464,17.469,4.9972,51.115,1
35,241,0.099624,0.0081379,293.41,136.95,1,9,0.0014816,0.024072,0.010321,0.025993,0,0,0.040381,0.060503,0.0093669,0.014454,6.4103e-05,0.00025641,0.00095085,0.058613,0.047385,0.0032501,0.52354,0.19897,0.13365,0.005308,0,0,0.054797,0.085091,0.017944,0.14654,0.1286,1.5379,0.16335,0.0088928,0.72493,0.8427,11.724,11.296,20.628,16.094,0,0,6.3837,43.354,27.439,11.313,194.94,81.059,17.04,0.10473,130.17,19.628,1
156,605,0.18433,0.050081,282.38,171.65,5,11,0.0032322,0.032624,0.084468,0.05337,0,0,0.015809,0.073612,0.049743,0.030785,6.4103e-05,0.0001864,0.0048189,0.092916,0.047385,0.0020438,0.47249,0.1132,0.35841,0.11891,0,0,0.037631,0.067373,0.033833,0.04213,0.1286,1.1333,0.20156,0.026717,0.72493,0.82323,11.989,22.716,55.854,3.4863,0,0,2.5816,22.312,13.989,4.4214,194.94,61.203,4.5959,9.2679,130.17,66.829,1
58,82,0.56377,0.094307,353.17,205.25,23,103,0.0010369,0.023981,0.0088407,0.063891,0,0,0.033927,0.035903,0.010492,0.045905,6.4103e-05,0.00025641,0.051364,0.047187,0.047385,0.00015025,0.5545,0.090259,0.084863,0.17569,0,0,0.051793,0.00024674,0.20072,0.03842,0.1286,1.5379,0.24137,0.044868,0.72493,0.80277,11.051,5.9516,51.619,2.3625,0,0,9.0307,8.9877,3.4935,5.6685,194.94,81.059,1.6962,5.5172,130.17,32.743,1
47,211,0.15109,0.019751,226.05,233.97,24,67,0.012726,0.0087468,0.092487,0.044714,0,0,0.010928,0.013873,0.058234,0.01345,6.4103e-05,0.00025641,0.054156,0.017059,0.047385,0.0020205,1.3487,0.15889,0.010753,0.082828,0,0,0.11248,0.040259,0.045223,0.13246,0.1286,1.5379,0.0082561,0.0030169,0.72493,0.7609,31.694,25.199,15.526,20.409,0,0,1.104,18.466,28.297,6.1084,194.94,81.059,5.8608,11.717,130.17,5.238,1
62,80,0.045455,0.03198,75.118,79.438,4,4,0.006514,0.039004,0.032572,0.096562,0,0,0.0089025,0.1035,0.088705,0.018091,6.4103e-05,0.048587,0.014065,0.10045,0.029542,0.0034052,0.51898,0.16778,0.17304,0.0058905,0,0,0.18065,0.28825,0.22625,0.050899,0.1286,0.74072,0.18279,0.046204,0.3094,0.099246,3.9571,11.641,39.93,9.2658,0,0,13.866,28.345,19.495,2.3779,194.94,25.011,6.1482,1.6863,38.099,25.643,1
123,558,0.15074,0.078549,375.88,105.48,18,35,0.0023145,0.024491,0.074742,0.087512,0,0,0.026277,0.022262,0.048506,0.060007,6.4103e-05,0.019874,0.072158,0.033955,0.036396,0.00080811,0.65495,0.23735,0.59667,0.0098277,0,0,0.029119,0.036889,0.15548,0.1412,0.1286,0.66812,0.20636,0.037921,0.40141,0.82317,9.7131,8.5443,46.689,9.6385,0,0,10.33,48.795,25.016,0.73429,194.94,1.9239,11.447,14.51,43.867,15.281,1
243,473,0.66518,0.074391,248.63,166.23,4,32,0.012726,0.014557,0.035274,0.064292,0,0,0.037658,0.029528,0.0099536,0.086682,6.4103e-05,0.00025641,0.070869,0.07903,0.047385,0.0028827,1.3487,0.13728,0.16853,0.056482,0,0,0.032149,0.084433,0.0053045,0.0075287,0.1286,1.5379,0.083316,0.019259,0.72493,0.85769,31.694,9.5169,17.78,13.798,0,0,10.059,29.034,10.322,14.461,194.94,81.059,9.4115,11.096,130.17,56.472,1
121,261,0.65637,0.12892,370.3,44.951,23,6,0.0067919,0.013423,0.062142,0.046642,0,0,0.032177,0.096809,0.091576,0.034787,0.013687,0.059522,0.077065,0.16501,0.006102,0.0033127,0.60605,0.11091,0.44721,0.091743,0,0,0.020487,0.3269,0.40015,0.16943,0.61777,0.89865,0.30725,0.24874,0.32215,0.87465,21.779,10.355,58.973,13.308,0,0,8.6492,34.956,33.299,4.9822,105.18,17.392,5.8248,58.688,11.501,48.436,1
324,395,0.6722,0.076107,388.22,192.6,4,18,0.0043799,0.028753,0.087374,0.0033209,0,0,0.045327,0.12891,0.05055,0.039754,6.4103e-05,0.00025641,0.01103,0.19599,0.047385,0.0019686,0.48549,0.00051319,0.32846,0.18315,0,0,0.080439,0.33896,0.14355,0.19071,0.1286,1.5379,0.21404,0.25697,0.72493,0.82945,19.754,8.1425,67.505,6.0357,0,0,11.705,41.79,10.79,0.52266,194.94,81.059,13.963,64.669,130.17,132.64,1
172,113,0.2,0.019725,328.26,186.08,18,24,0.012726,0.0056181,0.049714,0.025268,0,0,0.014627,0.034814,0.051103,0.014204,6.4103e-05,0.00025641,0.064037,0.015565,0.047385,0.0017583,1.3487,0.039993,0.14472,0.10391,0,0,0.12437,0.064036,0.21023,0.095813,0.1286,1.5379,0.056535,0.061804,0.72493,0.82971,31.694,10.037,23.646,8.7983,0,0,12.991,34.956,35.602,8.6922,194.94,81.059,2.2775,2.3728,130.17,43.177,1
30,152,0.37884,0.040871,244.96,116.49,25,58,0.013979,0.033799,0.024427,0.029705,0.019509,0,0.048779,0.03455,0.046143,0.044425,6.4103e-05,0.00025641,0.0085052,0.031766,0.017799,0.029661,0.60997,0.10166,0.0080797,0.033878,0.083995,0,0.080039,0.01727,0.20559,0.093025,0.1286,1.5379,0.060499,0.10103,0.31883,0.50156,10.977,14.792,1.5207,12.713,165.68,0,6.6501,8.5263,39.916,3.2333,194.94,81.059,2.6173,23.357,52.457,111.17,1
100,320,0.24906,0.021877,238.53,41.204,4,3,0.012726,0.023622,0.09639,0.058406,0,0,0.016003,0.095896,0.035779,0.049501,6.4103e-05,0.00025641,0.054041,0.086585,0.047385,0.0036514,1.3487,0.11152,0.2797,0.11093,0,0,0.23364,0.38898,0.32459,0.19235,0.1286,1.5379,0.086625,0.084232,0.72493,0.85584,31.694,4.9452,72.313,7.2941,0,0,7.343,40.517,13.283,9.2068,194.94,81.059,4.1237,13.219,130.17,31.184,1
273,1208,0.045049,0.03175,374.08,165.39,5,15,0.012726,0.015998,0.10396,0.072688,0,0,0.012574,0.045304,0.011019,0.018982,6.4103e-05,0.00025641,0.011825,0.10167,0.047385,0.0041416,1.3487,0.19844,1.0149,0.070101,0,0,0.029923,0.11263,0.116,0.05112,0.1286,1.5379,0.022589,0.098002,0.72493,0.87365,31.694,1.0371,37.385,2.3301,0,0,0.80894,34.849,1.3661,18.501,194.94,81.059,6.2895,13.558,130.17,109.55,1
138,550,0.19797,0.0049141,220.44,217.92,2,38,0.008318,0.0073091,0.10479,0.020008,0,0,0.0059851,0.010618,0.074852,0.012492,6.4103e-05,0.00025641,0.014464,0.096491,0.047385,0.0030711,0.53389,0.12008,0.0036438,0.12796,0,0,0.0092645,0.024125,0.13785,0.29636,0.1286,1.5379,0.014174,0.024466,0.72493,0.83435,24.748,18.493,14.923,1.0761,0,0,27.16,47.665,30.548,0.35899,194.94,81.059,46.742,24.564,130.17,67.276,1
102,90,0.39092,0.038147,232.79,165.06,7,31,0.00048707,0.042613,0.026526,0.0040072,0,0,0.064234,0.040485,0.042256,0.10297,0.0026891,0.067922,0.00090726,0.0050783,0.016967,0.0029757,0.5965,0.0086187,0.05908,0.19101,0,0,0.011994,0.24844,0.22519,0.21835,1.3547,0.87964,0.030664,0.041984,0.30716,0.65622,7.491,29.422,13.059,7.6621,0,0,3.9055,46.453,40.695,15.706,127.54,40.973,21.575,5.4168,29.389,25.397,1
117,1436,0.40169,0.082072,2.184,224.7,9,24,0.030781,0.015816,0.10247,0.0052955,0,0,0.074101,0.011542,0.023141,0.012086,6.4103e-05,0.067925,0.020361,0.038116,0.032362,0.042995,0.71797,0.20549,0.018753,0.066828,0,0,0.04135,0.026076,0.11132,0.15119,0.1286,0.87903,0.0098517,0.119,0.28456,0.6311,24.609,16.875,9.2199,12.079,0,0,25.979,4.2333,33.345,4.0961,194.94,19.834,4.22,15.264,21.747,117.76,1
45,80,0.37004,0.082533,148.23,10.124,3,22,0.008695,0.027473,0.078092,0.097056,0.0036686,0.00253,0.0099146,0.024563,0.077241,0.079622,6.4103e-05,0.021215,0.052432,0.045873,0.025381,0.0080897,0.53868,0.11768,0.64925,0.011523,0.55252,0.017006,0.31934,0.22596,0.3312,0.16845,0.1286,0.45599,0.12308,0.045173,0.079334,0.60905,21.418,13.459,52.154,8.1343,7.5593,183.26,6.9513,31.932,11.349,17.923,194.94,14.977,5.3475,6.6308,21.296,123.78,1
287,241,1.0738,0.15602,424.16,155.01,17,4,0.011852,0.025374,0.048326,0.029771,0,0,0.037561,0.056037,0.019668,0.068495,0.00079122,0.069514,0.017841,0.063351,0.028691,0.0053605,0.61528,0.072663,0.099383,0.26833,0,0,0.028465,0.012828,0.50698,0.0039199,1.3317,0.95574,0.2152,0.037873,0.40406,0.77063,1.3654,3.1129,27.933,18.923,0,0,14.204,23.271,36.865,47.472,149.57,14.135,11.832,21.87,1.4552,32.153,1
97,652,1.1775,0.10487,300.78,16.044,4,3,0.012726,0.00023423,0.027197,0.035815,0,0,0.1239,0.0050129,0.059128,0.0064266,6.4103e-05,0.00025641,0.0071626,0.051521,0.022755,0.08412,1.3487,0.20186,0.16033,0.09044,0,0,0.077613,0.070434,0.0038022,0.085519,0.1286,1.5379,0.11746,0.03068,0.096086,0.53925,31.694,43.224,28.051,5.272,0,0,3.2814,25.647,35.154,6.6996,194.94,81.059,13.857,10.936,36.07,72.605,1
